"","000002.SZ.Open","000002.SZ.High","000002.SZ.Low","000002.SZ.Close","000002.SZ.Volume","000002.SZ.Adjusted"
"1",8.27,8.98,8.23,8.8,188816123,6.904425
"2",8.77,8.98,8.63,8.83,125616280,6.927963
"3",8.88,8.98,8.69,8.84,79128446,6.935809
"4",8.84,9.2,8.78,8.89,144721563,6.975039
"5",9,9.2,8.68,8.74,129046684,6.85735
"6",8.68,9.16,8.64,9.03,134731238,7.084882
"7",9.05,9.34,8.9,9.07,135521972,7.116266
"8",9.11,9.14,8.9,8.94,58795894,7.014268
"9",8.92,9.12,8.85,9.05,88532157,7.100574
"10",8.93,9.02,8.33,8.42,119826663,6.606279
"11",8.42,8.55,8.28,8.35,64487440,6.551358
"12",8.36,8.57,8.23,8.54,94678360,6.700431
"13",8.5,8.5,8.13,8.14,82965364,6.386594
"14",8.16,8.68,8.13,8.38,89539107,6.574896
"15",8.39,8.64,8.15,8.45,74292486,6.629817
"16",8.4,8.65,8.35,8.49,49167141,6.661201
"17",8.48,8.62,8.42,8.51,38212417,6.676893
"18",8.15,8.33,7.95,8.3,176152186,6.512128
"19",8.31,8.52,8.12,8.26,136236029,6.480744
"20",8.25,8.26,8.12,8.2,81430851,6.433669
"21",8.23,8.26,8.13,8.18,99025327,6.417977
"22",8.08,8.13,7.98,8.02,94823227,6.292442
"23",8.04,8.2,8.02,8.18,104714905,6.417977
"24",8.15,8.35,8.06,8.26,136052383,6.480744
"25",8.25,8.64,8.22,8.6,183682785,6.747508
"26",8.6,8.7,8.56,8.58,110339094,6.731815
"27",8.55,8.56,8.34,8.53,127143666,6.692585
"28",8.51,8.56,8.28,8.37,124664291,6.56705
"29",8.35,8.44,8.29,8.35,70236873,6.551358
"30",8.28,8.41,8.2,8.4,91917235,6.590587
"31",8.37,8.37,8.1,8.12,158553324,6.370901
"32",8.12,8.19,8.1,8.15,55724784,6.394439
"33",8.15,8.2,8.1,8.17,62056120,6.410131
"34",8.18,8.18,8.07,8.13,61297507,6.378747
"35",8.13,8.16,8.05,8.16,77266945,6.402285
"36",8.16,8.42,8.16,8.3,153265426,6.512128
"37",8.24,8.26,8.13,8.2,67262573,6.433669
"38",8.2,8.31,8.17,8.19,89932700,6.425823
"39",8.24,8.35,8.21,8.34,99495171,6.543512
"40",8.39,8.46,8.33,8.38,112730872,6.574896
"41",8.45,8.63,8.44,8.53,170373399,6.692585
"42",8.55,8.62,8.48,8.53,91259616,6.692585
"43",8.52,8.6,8.41,8.5,104636390,6.669046
"44",8.47,8.48,8.28,8.33,90268900,6.535666
"45",8.28,8.35,8.23,8.3,43538664,6.512128
"46",8.28,8.29,8.1,8.18,86853268,6.417977
"47",8.17,8.3,8.17,8.25,46732952,6.472899
"48",8.2,8.23,8.11,8.18,60868987,6.417977
"49",8.24,8.35,8.15,8.2,74603585,6.433669
"50",8.2,8.44,8.2,8.3,89232595,6.512128
"51",8.31,8.36,8.18,8.3,47174172,6.512128
"52",8.29,8.59,8.25,8.5,163257524,6.669046
"53",8.51,8.59,8.47,8.49,86316145,6.661201
"54",8.53,8.8,8.5,8.72,172505597,6.841658
"55",8.74,8.93,8.69,8.73,133234319,6.849504
"56",8.7,8.87,8.64,8.68,99146306,6.810274
"57",8.68,8.78,8.54,8.69,85566100,6.81812
"58",8.57,8.83,8.5,8.82,73417645,6.920117
"59",8.78,8.99,8.73,8.94,106840180,7.014268
"60",8.94,9.28,8.91,9.15,128453209,7.179032
"61",9.13,9.19,8.81,8.82,83328040,6.920117
"62",8.82,8.96,8.76,8.85,66309669,6.943655
"63",8.82,8.96,8.69,8.93,56779346,7.006423
"64",8.92,8.94,8.77,8.8,57430294,6.904425
"65",8.79,8.95,8.71,8.9,53992426,6.982883
"66",8.86,8.99,8.8,8.96,69844809,7.029961
"67",8.89,8.89,8.76,8.78,41070895,6.888733
"68",8.75,8.82,8.57,8.63,81138683,6.771044
"69",8.65,8.68,8.57,8.68,59751937,6.810274
"70",8.63,8.65,8.52,8.55,42621872,6.708277
"71",8.51,8.58,8.49,8.52,40152121,6.68474
"72",8.51,8.59,8.47,8.55,42437378,6.708277
"73",8.58,8.6,8.32,8.4,51195343,6.590587
"74",8.42,8.45,8.3,8.31,40126804,6.519974
"75",8.32,8.51,8.31,8.48,38242656,6.653355
"76",8.47,8.51,8.32,8.5,48664280,6.669046
"77",8.42,8.49,8.31,8.33,42673649,6.535666
"78",8.3,8.4,8.24,8.35,41104894,6.551358
"79",8.32,8.39,8.25,8.3,39703211,6.512128
"80",8.31,8.41,8.27,8.31,31359097,6.519974
"81",8.33,8.34,8.25,8.32,29455966,6.52782
"82",8.3,8.39,8.21,8.29,61464431,6.504282
"83",8.27,8.33,8.21,8.24,32243227,6.465052
"84",8.29,8.32,8.18,8.31,50544454,6.519974
"85",8.26,8.44,8.25,8.37,57176877,6.56705
"86",8.33,8.46,8.32,8.4,35009527,6.590587
"87",8.4,8.45,8.36,8.41,24012345,6.598433
"88",8.41,8.45,8.24,8.26,41213817,6.480744
"89",8.28,8.31,8.21,8.24,23770856,6.465052
"90",8.21,8.27,7.99,8.03,50020248,6.300288
"91",8.03,8.1,7.98,8.03,40881526,6.300288
"92",8.01,8.03,7.85,7.87,47083976,6.174753
"93",7.95,7.99,7.88,7.9,30353059,6.198291
"94",7.86,7.94,7.81,7.9,34412955,6.277756
"95",7.88,7.9,7.75,7.8,28315785,6.198291
"96",7.83,7.89,7.61,7.84,37074583,6.230077
"97",7.82,7.84,7.73,7.82,33041433,6.214184
"98",7.74,7.86,7.64,7.72,37879939,6.134718
"99",7.72,7.85,7.7,7.79,28759071,6.190345
"100",7.77,7.84,7.74,7.81,20456788,6.206237
"101",7.83,8.14,7.81,8.1,75584171,6.436687
"102",8.07,8.08,7.9,7.9,30367776,6.277756
"103",7.95,8.1,7.95,8,41250693,6.357221
"104",7.95,7.95,7.83,7.9,24327945,6.277756
"105",7.9,8.39,7.9,8.17,91098716,6.492312
"106",8.15,8.18,8,8.07,43073250,6.412847
"107",7.95,8.11,7.95,7.99,32628920,6.349274
"108",7.99,8.21,7.98,8.05,45693242,6.396955
"109",8.07,8.23,8.06,8.18,52719516,6.500259
"110",8.16,8.38,8.16,8.27,68590542,6.571778
"111",8.29,8.36,8.12,8.22,36582620,6.532045
"112",8.22,8.31,8.15,8.27,37954800,6.571778
"113",8.25,8.5,8.23,8.38,75751243,6.65919
"114",8.39,8.46,8.19,8.29,60463553,6.58767
"115",8.3,8.35,8.15,8.31,48384892,6.603564
"116",8.26,8.32,8.23,8.28,32083025,6.579724
"117",8.29,8.52,8.2,8.45,87349422,6.714815
"118",8.43,8.81,8.4,8.68,127799867,6.897585
"119",8.73,8.97,8.68,8.71,83262939,6.921425
"120",8.71,9.02,8.71,8.84,147053064,7.02473
"121",8.85,8.88,8.71,8.82,60954069,7.008837
"122",8.84,8.98,8.55,8.77,84665010,6.969104
"123",8.73,8.9,8.73,8.82,50985292,7.008837
"124",8.75,8.78,8.6,8.75,42693943,6.953211
"125",8.66,8.67,8.42,8.5,62156465,6.754548
"126",8.49,8.71,8.47,8.61,42668423,6.841959
"127",8.62,8.71,8.51,8.58,44030290,6.81812
"128",8.4,8.5,8.28,8.43,71540876,6.698922
"129",8.39,8.39,8.24,8.36,61829038,6.643296
"130",8.28,8.55,8.25,8.49,84873240,6.746602
"131",8.5,8.54,8.42,8.47,29611505,6.730708
"132",8.48,8.51,8.33,8.4,29277029,6.675082
"133",8.42,8.49,8.35,8.42,19414080,6.690976
"134",8.31,8.35,8.1,8.14,47841285,6.468473
"135",8.14,8.22,8.14,8.2,25607099,6.516151
"136",8.13,8.21,8.08,8.14,29662071,6.468473
"137",8.1,8.15,8.01,8.11,29110295,6.444633
"138",8.1,8.2,8.05,8.15,24144028,6.476419
"139",8.15,8.3,8.11,8.29,23429761,6.58767
"140",8.24,8.31,8.13,8.27,21326774,6.571778
"141",8.24,8.37,8.22,8.35,35556738,6.635351
"142",8.36,8.39,8.3,8.31,13655056,6.603564
"143",8.16,8.27,8.12,8.18,30612804,6.500259
"144",8.14,8.26,7.95,8.06,52337591,6.404901
"145",7.99,8.45,7.94,8.3,94347853,6.595618
"146",8.5,8.58,8.37,8.44,82368162,6.706868
"147",8.37,8.68,8.35,8.55,76052208,6.794281
"148",8.53,8.59,8.41,8.43,42457236,6.698922
"149",8.43,8.55,8.33,8.5,44401576,6.754548
"150",8.44,8.5,8.33,8.36,39097146,6.643296
"151",8.36,8.4,8.15,8.22,43862576,6.532045
"152",8.22,8.23,8.08,8.14,41963796,6.468473
"153",8.03,8.19,8.03,8.14,49271580,6.468473
"154",8.12,8.16,8.05,8.08,20272317,6.420793
"155",8.12,8.26,8.1,8.22,31215098,6.532045
"156",8.25,8.28,8.15,8.16,13823945,6.484365
"157",8.2,8.46,8.14,8.44,53283474,6.706868
"158",8.39,8.45,8.31,8.38,26580762,6.65919
"159",8.3,8.36,8.1,8.17,31155852,6.492312
"160",8.22,8.28,8.1,8.14,32146617,6.468473
"161",8.11,8.17,8.09,8.15,21092621,6.476419
"162",8.16,8.19,8.1,8.14,16684459,6.468473
"163",8.13,8.16,8.04,8.1,30343693,6.436687
"164",8.08,8.11,8,8.03,30799552,6.381061
"165",8,8.05,7.95,8,27810784,6.357221
"166",8.04,8.17,8,8.12,39555388,6.45258
"167",8.11,8.15,8.05,8.1,17932167,6.436687
"168",8.13,8.2,8.07,8.08,36404260,6.420793
"169",8.01,8.11,7.97,8.07,25930873,6.412847
"170",8.05,8.1,8,8.08,22498037,6.420793
"171",8.08,8.15,8.05,8.09,24548531,6.428741
"172",8.12,8.17,8,8.06,36452751,6.404901
"173",8,8.02,7.7,7.78,60736791,6.182398
"174",7.78,7.8,7.65,7.72,29065241,6.134718
"175",7.72,7.93,7.67,7.87,41128292,6.253917
"176",7.8,7.84,7.44,7.46,104841829,5.928109
"177",7.38,7.52,7.28,7.4,55885213,5.880429
"178",7.33,7.43,7.04,7.15,52372132,5.681767
"179",7.2,7.23,7.1,7.17,37687484,5.697659
"180",7.22,7.23,7,7.08,35139307,5.626141
"181",7.05,7.29,6.88,7.18,51024711,5.705606
"182",7.15,7.31,7.14,7.24,34769323,5.753285
"183",7.23,7.24,6.98,7,37660442,5.562569
"184",7.13,7.18,6.95,7.04,35826442,5.594355
"185",7,7.42,6.95,7.34,69849257,5.832751
"186",7.33,7.52,7.3,7.37,53500979,5.85659
"187",7.35,7.39,7.27,7.35,19404304,5.840697
"188",7.36,7.46,7.31,7.34,28741633,5.832751
"189",7.3,7.33,7.1,7.19,31101497,5.713552
"190",7.17,7.24,7.09,7.1,23673908,5.642034
"191",7.04,7.15,6.9,7.02,30381191,5.578462
"192",7.05,7.11,6.94,6.98,21248974,5.546676
"193",6.98,7.2,6.94,7.19,27588138,5.713552
"194",7.16,7.53,7.12,7.4,78513401,5.880429
"195",7.4,7.73,7.39,7.66,122013333,6.08704
"196",7.66,7.74,7.63,7.67,37262283,6.094986
"197",7.75,8.28,7.75,7.91,102587623,6.285702
"198",7.85,8,7.65,8,73422362,6.357221
"199",7.91,8.05,7.7,7.76,54507949,6.166505
"200",7.62,7.94,7.61,7.9,35907324,6.277756
"201",7.9,7.99,7.75,7.76,47224959,6.166505
"202",7.91,8.01,7.78,7.84,47288837,6.230077
"203",7.78,7.86,7.65,7.68,32302161,6.102932
"204",7.68,7.71,7.46,7.68,54172660,6.102932
"205",7.63,7.7,7.54,7.67,36185438,6.094986
"206",7.59,7.65,7.45,7.57,42734067,6.015521
"207",7.5,7.56,7.45,7.52,27030067,5.975788
"208",7.55,7.67,7.48,7.63,52871932,6.0632
"209",7.6,7.6,7.51,7.55,17477121,5.999628
"210",7.54,7.56,7.22,7.29,49991708,5.793017
"211",7.3,7.35,7.24,7.3,24090990,5.800964
"212",7.26,7.28,6.99,7.09,71161133,5.634088
"213",7.09,7.12,7.01,7.09,32196486,5.634088
"214",7.05,7.14,7.02,7.11,27404424,5.649981
"215",7.12,7.15,7.05,7.09,23384925,5.634088
"216",7.08,7.32,7.04,7.25,36287528,5.761232
"217",7.21,7.24,7.08,7.1,20501646,5.642034
"218",7.12,7.16,7.02,7.07,25132153,5.618195
"219",7.14,7.25,7.07,7.17,33303084,5.697659
"220",7.16,7.18,7.01,7.06,39012233,5.610247
"221",7.4,7.61,7.35,7.39,123365030,5.872483
"222",7.33,7.41,7.26,7.38,30774707,5.864536
"223",7.35,7.41,7.2,7.29,37327741,5.793017
"224",7.29,7.49,7.25,7.4,40032066,5.880429
"225",7.4,7.46,7.35,7.42,23045092,5.896323
"226",7.42,7.56,7.36,7.49,33232001,5.951948
"227",7.44,7.63,7.43,7.54,39699697,5.991681
"228",7.4,7.45,7.18,7.3,44183682,5.800964
"229",7.25,7.32,7.12,7.17,31372989,5.697659
"230",7.17,7.17,7.05,7.1,23038545,5.642034
"231",7.06,7.3,7.06,7.21,41404487,5.729446
"232",7.16,7.55,7.14,7.43,56926556,5.90427
"233",7.37,7.5,7.24,7.43,47051477,5.90427
"234",7.42,7.73,7.41,7.5,67570976,5.959896
"235",7.5,7.57,7.28,7.3,29569654,5.800964
"236",7.3,7.5,7.25,7.42,43603067,5.896323
"237",7.4,7.65,7.37,7.56,48635426,6.007574
"238",7.5,7.68,7.46,7.53,30869597,5.983735
"239",7.55,7.62,7.33,7.37,29583892,5.85659
"240",7.37,7.45,7.15,7.34,42640667,5.832751
"241",7.29,7.41,7.24,7.33,29468412,5.824804
"242",7.33,7.52,7.33,7.47,30657174,5.936055
"243",7.47,7.65,7.32,7.33,47432958,5.824804
"244",7.31,7.42,7.19,7.25,52811781,5.761232
"245",7.27,7.33,7.06,7.16,54276961,5.689713
"246",7.16,7.41,7.08,7.41,84603778,5.888377
"247",7.35,7.61,7.32,7.53,107797678,5.983735
"248",7.5,7.57,7.43,7.46,48293469,5.928109
"249",7.42,7.71,7.41,7.52,55986664,5.975788
"250",7.51,7.56,7.34,7.46,39223843,5.928109
"251",7.4,7.56,7.35,7.37,33783392,5.85659
"252",7.35,7.68,7.22,7.58,88222915,6.023467
"253",7.56,7.68,7.47,7.51,48552724,5.967842
"254",7.55,7.8,7.51,7.79,86699402,6.190345
"255",7.8,7.96,7.77,7.9,89686473,6.277756
"256",7.85,7.88,7.52,7.55,105304988,5.999628
"257",7.55,7.7,7.55,7.65,35502938,6.079093
"258",7.61,7.75,7.52,7.56,50097591,6.007574
"259",7.59,7.7,7.49,7.68,41273168,6.102932
"260",7.66,7.85,7.61,7.79,63644836,6.190345
"261",7.77,7.82,7.61,7.62,52243987,6.055254
"262",7.6,7.65,7.38,7.38,80336512,5.864536
"263",7.42,7.72,7.38,7.59,82044478,6.031415
"264",7.6,7.81,7.53,7.7,126142979,6.118825
"265",7.72,8.03,7.72,7.85,178925069,6.238023
"266",7.56,7.8,7.43,7.7,91214503,6.118825
"267",7.65,7.72,7.54,7.7,87626501,6.118825
"268",7.65,7.82,7.61,7.82,54176079,6.214184
"269",7.78,7.82,7.68,7.79,39985036,6.190345
"270",7.85,7.87,7.71,7.79,44615659,6.190345
"271",7.92,8.01,7.8,7.83,71861254,6.22213
"272",7.84,7.93,7.78,7.92,37957554,6.293649
"273",7.98,8.2,7.98,8.19,121273746,6.508205
"274",8.2,8.3,8.15,8.19,75998806,6.508205
"275",8.19,8.6,8.15,8.51,117655127,6.762495
"276",8.5,8.72,8.5,8.58,107257199,6.81812
"277",8.6,8.65,8.48,8.52,69548565,6.770441
"278",8.4,8.41,8.2,8.28,89649673,6.579724
"279",8.24,8.47,8.22,8.3,68619869,6.595618
"280",8.3,8.69,8.3,8.63,94111341,6.857852
"281",8.71,8.85,8.49,8.51,81323953,6.762495
"282",8.51,8.62,8.4,8.43,59523163,6.698922
"283",8.4,8.5,8.32,8.43,43078744,6.698922
"284",8.43,8.7,8.43,8.61,57817444,6.841959
"285",8.65,8.7,8.5,8.6,36259227,6.834013
"286",8.53,8.6,8.31,8.35,74453665,6.635351
"287",8.43,8.54,8.4,8.52,38863331,6.770441
"288",8.58,8.62,8.26,8.29,96551633,6.58767
"289",8.29,8.35,8.06,8.21,84164012,6.524099
"290",8.23,8.3,8.1,8.27,45485279,6.571778
"291",8.22,8.24,8.13,8.22,36235301,6.532045
"292",8.19,8.27,8.15,8.17,33339402,6.492312
"293",8.22,8.27,8.15,8.18,33210840,6.500259
"294",8.2,8.34,8.17,8.23,30858038,6.539991
"295",8.21,8.28,8.1,8.12,28908259,6.45258
"296",8.1,8.11,7.93,8.02,35754673,6.373115
"297",8.02,8.09,8,8.02,23030973,6.373115
"298",8.01,8.22,7.97,8,41916818,6.357221
"299",8,8.4,7.96,8.19,77859727,6.508205
"300",8.18,8.32,8.17,8.28,43236556,6.579724
"301",8.22,8.4,8.21,8.36,60894926,6.643296
"302",8.38,8.51,8.35,8.38,42694204,6.65919
"303",8.32,8.35,8.21,8.22,34238086,6.532045
"304",8.24,8.43,8.19,8.42,35315312,6.690976
"305",8.34,8.7,8.33,8.49,70319000,6.746602
"306",8.55,8.7,8.51,8.68,64196239,6.897585
"307",8.7,8.76,8.57,8.58,47527700,6.81812
"308",8.51,8.68,8.49,8.57,30602310,6.810173
"309",8.57,8.59,8.33,8.37,46033870,6.651242
"310",8.43,8.66,8.4,8.64,56785802,6.865799
"311",8.64,8.67,8.57,8.59,34145945,6.826066
"312",8.56,8.66,8.49,8.64,48445469,6.865799
"313",8.62,8.65,8.5,8.6,35176415,6.834013
"314",8.6,8.8,8.53,8.63,57089640,6.857852
"315",8.61,8.91,8.58,8.88,86608903,7.056516
"316",8.9,9.02,8.85,8.95,67000017,7.112142
"317",8.95,9.08,8.91,8.98,47593528,7.135981
"318",9.03,9.29,8.93,9.22,91744306,7.326698
"319",9.2,9.25,8.92,9.04,72626287,7.18366
"320",9.06,9.24,8.88,9.22,92987909,7.326698
"321",9.12,9.2,8.96,9.07,73349280,7.2075
"322",9.07,9.13,8.93,9.04,63979364,7.18366
"323",8.95,8.98,8.85,8.93,58309872,7.096248
"324",8.93,8.96,8.86,8.93,30703900,7.096248
"325",8.93,8.93,8.93,8.93,0,7.096248
"326",8.94,9.08,8.84,8.92,58382706,7.088302
"327",8.87,9,8.82,8.91,32082786,7.080355
"328",8.88,8.88,8.6,8.61,44284255,6.841959
"329",8.64,8.76,8.56,8.68,32767254,6.897585
"330",8.65,8.78,8.55,8.58,47731890,6.81812
"331",8.6,8.76,8.56,8.67,29233305,6.889639
"332",8.7,9.03,8.68,9.01,58269085,7.159822
"333",8.96,9.12,8.93,9.05,35449530,7.191607
"334",9.06,9.16,8.9,8.92,28345060,7.088302
"335",8.92,9.07,8.82,8.85,34985271,7.032677
"336",8.8,9.2,8.76,9.17,60463488,7.286965
"337",9.17,9.38,9.1,9.27,66409867,7.366431
"338",9.28,9.49,9.2,9.31,70798071,7.398216
"339",9.24,9.32,9.21,9.25,24631533,7.350537
"340",9.25,9.34,9.1,9.15,34606947,7.271072
"341",9.07,9.22,9,9.04,39877280,7.18366
"342",9.04,9.15,9.01,9.11,43435926,7.239285
"343",9.1,9.11,8.94,8.98,35461686,7.135981
"344",9.07,9.22,8.91,8.96,53650850,7.120088
"345",9.09,9.16,8.84,8.92,85305571,7.088302
"346",8.98,9.39,8.93,9.2,88912938,7.310804
"347",9.19,9.38,9.17,9.22,82302559,7.326698
"348",9.31,9.44,9.21,9.27,66846679,7.366431
"349",9.3,9.4,9.25,9.28,48780246,7.374377
"350",9.3,9.33,8.98,9.11,73916531,7.239285
"351",9.13,9.19,9.06,9.19,56613283,7.302858
"352",9.13,9.2,9.01,9.06,31268850,7.199553
"353",9.08,9.11,8.98,9.03,27190001,7.175714
"354",9,9.1,8.97,9.03,31852780,7.175714
"355",8.97,8.97,8.59,8.75,71557112,6.953211
"356",8.72,9.01,8.7,8.95,64364527,7.112142
"357",8.91,9.09,8.84,8.95,49201046,7.112142
"358",8.96,9,8.84,8.85,33598538,7.032677
"359",8.86,9.02,8.82,8.91,28620509,7.080355
"360",8.94,9.06,8.91,8.98,29145688,7.135981
"361",8.99,9.23,8.9,9.12,52201423,7.247233
"362",9.15,9.2,9.09,9.11,29758246,7.239285
"363",9.02,9.3,9.02,9.29,71648882,7.489194
"364",9.48,9.65,9.4,9.65,165535895,7.779411
"365",9.56,9.9,9.5,9.66,104794057,7.787471
"366",9.6,9.75,9.4,9.54,59447305,7.690732
"367",9.51,9.71,9.29,9.4,68793326,7.577871
"368",9.39,9.73,9.36,9.63,74275885,7.763287
"369",9.6,9.88,9.57,9.86,72265947,7.948703
"370",9.85,9.92,9.58,9.73,51985235,7.843902
"371",9.66,9.95,9.65,9.8,41476380,7.900333
"372",9.79,9.9,9.2,9.43,90409486,7.602055
"373",9.4,9.59,9.32,9.44,57823353,7.610118
"374",9.36,9.43,9.19,9.3,39410690,7.497257
"375",9.2,9.34,9.13,9.21,28790978,7.424702
"376",9.17,9.48,9.16,9.33,33037828,7.52144
"377",9.26,9.3,9.05,9.1,42848478,7.336025
"378",9.09,9.18,8.8,8.91,54631095,7.182854
"379",8.91,9.04,8.74,8.98,29959677,7.239286
"380",9.02,9.1,9,9,22547620,7.255408
"381",9.08,9.26,9.05,9.23,35851541,7.440824
"382",9.23,9.44,9.23,9.33,34938783,7.52144
"383",9.32,9.33,8.5,8.7,95384880,7.013561
"384",8.81,8.85,8.5,8.7,71748429,7.013561
"385",8.65,8.83,8.52,8.76,63653858,7.061931
"386",8.8,8.95,8.72,8.83,46459413,7.118362
"387",8.82,9.01,8.81,8.93,42680473,7.198977
"388",8.94,9.09,8.93,9,42220433,7.255408
"389",9,9,8.75,8.79,45993456,7.086116
"390",8.76,8.76,8.32,8.42,123215010,6.787838
"391",8.44,8.58,8.35,8.58,49906761,6.916823
"392",8.51,8.6,8.48,8.57,33558427,6.908761
"393",8.52,8.66,8.52,8.64,26597063,6.965193
"394",8.63,8.7,8.5,8.61,26052034,6.941007
"395",8.5,8.5,8.3,8.5,40163770,6.852331
"396",8.45,8.6,8.22,8.32,82020294,6.707222
"397",8.3,8.31,8.03,8.14,80119018,6.562114
"398",8.13,8.21,7.98,8.11,62574209,6.537929
"399",8.05,8.16,8.02,8.12,34829571,6.545991
"400",8.1,8.21,8.05,8.08,42663042,6.513744
"401",8.07,8.12,7.95,8,36009463,6.449252
"402",7.97,8.07,7.94,7.97,20237241,6.425067
"403",7.88,8.04,7.88,7.99,31272297,6.44119
"404",7.95,8.12,7.95,8.02,27298519,6.465375
"405",8.03,8.35,8.01,8.29,63069745,6.683037
"406",8.29,8.36,8.19,8.23,37074476,6.634668
"407",8.23,8.41,8.21,8.32,39501221,6.707222
"408",8.34,8.5,8.31,8.35,28171593,6.731408
"409",8.42,8.88,8.4,8.6,107057198,6.932946
"410",8.62,8.71,8.5,8.61,52496170,6.941007
"411",8.55,8.58,8.41,8.48,35288028,6.836207
"412",8.53,8.62,8.33,8.45,46291776,6.812022
"413",8.44,8.54,8.35,8.42,25213328,6.787838
"414",8.49,8.51,8.26,8.34,77417708,6.723346
"415",8.3,8.36,7.96,8.06,89886702,6.497622
"416",8.02,8.11,7.95,8.01,34475645,6.457314
"417",8.04,8.05,7.96,8.04,36685165,6.481499
"418",8,8.02,7.77,7.82,58472789,6.304144
"419",7.8,7.86,7.76,7.81,38855004,6.296082
"420",7.8,7.98,7.6,7.89,45501387,6.360575
"421",7.87,7.95,7.83,7.91,23961651,6.376698
"422",7.9,7.93,7.72,7.79,24969416,6.27996
"423",7.8,8.23,7.74,8.21,76955242,6.618546
"424",8.12,8.45,8.06,8.43,76046400,6.795899
"425",8.37,8.47,8.09,8.16,47316180,6.578237
"426",8.19,8.39,8.18,8.36,48794285,6.739469
"427",8.37,8.37,8.2,8.36,50734350,6.739469
"428",8.33,8.33,8.22,8.29,25436967,6.683037
"429",8.32,8.38,8.19,8.24,31135663,6.642729
"430",8.26,8.26,8.14,8.19,21370542,6.602422
"431",8.18,8.25,8.14,8.18,29162299,6.594361
"432",8.22,8.23,8.11,8.13,36720948,6.554053
"433",8.17,8.49,8.11,8.44,86013394,6.803961
"434",8.4,8.5,8.38,8.42,36890984,6.787838
"435",8.38,8.49,8.25,8.42,65103547,6.787838
"436",8.4,8.57,8.36,8.4,50191320,6.771714
"437",8.48,8.53,8.39,8.43,46099485,6.795899
"438",8.44,8.53,8.31,8.35,42170323,6.731408
"439",8.35,8.39,8.13,8.2,35232405,6.610483
"440",8.19,8.22,8.08,8.22,31262939,6.626607
"441",8.23,8.39,8.15,8.3,59343734,6.6911
"442",8.29,8.34,8.18,8.32,47222524,6.707222
"443",8.3,8.65,8.27,8.59,131734953,6.924885
"444",8.61,8.7,8.53,8.65,74212489,6.973254
"445",8.65,8.73,8.5,8.67,49850991,6.989377
"446",8.67,8.69,8.47,8.61,40986303,6.941007
"447",8.6,8.66,8.47,8.51,33180551,6.860393
"448",8.45,8.59,8.42,8.5,35165929,6.852331
"449",8.45,8.54,8.37,8.38,33851822,6.755592
"450",8.38,8.57,8.37,8.56,47566823,6.900701
"451",8.54,8.54,8.34,8.37,31455114,6.74753
"452",8.34,8.41,8.27,8.37,21846746,6.74753
"453",8.34,8.37,8.22,8.25,45267675,6.650792
"454",8.18,8.25,8.09,8.22,38587583,6.626607
"455",8.21,8.28,8.07,8.18,28144589,6.594361
"456",8.2,8.37,8.16,8.25,30590158,6.650792
"457",8.25,8.4,8.22,8.37,30273757,6.74753
"458",8.31,8.47,8.28,8.38,30010069,6.755592
"459",8.42,8.51,8.37,8.45,32228363,6.812022
"460",8.43,8.5,8.35,8.42,30318655,6.787838
"461",8.38,8.52,8.34,8.46,30320075,6.820085
"462",8.44,8.47,8.32,8.34,25742968,6.723346
"463",8.34,8.51,8.34,8.43,35909052,6.795899
"464",8.43,8.92,8.41,8.75,95192862,7.05387
"465",8.75,9,8.7,8.8,88740723,7.094177
"466",8.79,8.96,8.62,8.95,62180176,7.215101
"467",8.92,9.35,8.92,9.14,117872283,7.36827
"468",9.13,9.35,9.12,9.27,70892647,7.473072
"469",9.28,9.4,9.09,9.2,89478932,7.416639
"470",9.26,9.4,9.16,9.34,102496108,7.529501
"471",9.3,9.35,9.23,9.24,32082816,7.448886
"472",9.24,9.33,9.06,9.24,47958007,7.448886
"473",9.23,9.42,9.12,9.32,68234120,7.51338
"474",9.34,9.73,9.29,9.7,120122106,7.819719
"475",9.68,9.9,9.49,9.57,99622062,7.714918
"476",9.51,9.67,9.16,9.22,141128470,7.432764
"477",9.21,9.36,9.01,9.31,137002056,7.505317
"478",9.25,9.51,9.18,9.48,79967397,7.642364
"479",9.5,9.6,9.33,9.43,54450908,7.602055
"480",9.45,9.61,9.43,9.55,47518724,7.698796
"481",9.55,10.26,9.5,10.12,166448824,8.158302
"482",10.12,10.12,10.12,10.12,0,8.158302
"483",10.12,10.12,10.12,10.12,0,8.158302
"484",10.12,10.12,10.12,10.12,0,8.158302
"485",10.12,10.12,10.12,10.12,0,8.158302
"486",10.12,10.12,10.12,10.12,0,8.158302
"487",10.12,10.12,10.12,10.12,0,8.158302
"488",10.12,10.12,10.12,10.12,0,8.158302
"489",10.12,10.12,10.12,10.12,0,8.158302
"490",10.12,10.12,10.12,10.12,0,8.158302
"491",10.12,10.12,10.12,10.12,0,8.158302
"492",10.12,10.12,10.12,10.12,0,8.158302
"493",10.12,10.12,10.12,10.12,0,8.158302
"494",10.12,10.12,10.12,10.12,0,8.158302
"495",10.12,10.12,10.12,10.12,0,8.158302
"496",10.12,10.12,10.12,10.12,0,8.158302
"497",11.13,11.13,11.13,11.13,23430893,8.972522
"498",11.69,12.18,11.57,11.76,464332645,9.480401
"499",11.8,11.83,11.5,11.69,129945195,9.423969
"500",11.61,12.22,11.57,11.95,219041827,9.633571
"501",11.98,12.02,11.57,11.7,86321707,9.432031
"502",11.65,12.17,11.64,12.06,138997964,9.722248
"503",12.09,12.65,12.06,12.21,135988614,9.843171
"504",12.17,12.75,12.15,12.67,127081229,10.214004
"505",12.6,12.64,11.95,12.01,151307795,9.68194
"506",12.05,12.15,11.63,11.96,168332416,9.641632
"507",11.83,12.1,11.51,11.9,146699792,9.593262
"508",11.91,12.52,11.8,12.33,169459019,9.93991
"509",12.3,12.31,11.99,12.16,74930071,9.802862
"510",12.07,12.1,11.79,11.88,77307246,9.57714
"511",11.8,12.19,11.78,12.03,79113930,9.698063
"512",12.13,12.22,11.61,11.7,78311007,9.432031
"513",11.73,11.74,11.16,11.2,118304951,9.028954
"514",11.18,11.46,11.14,11.44,84089374,9.22243
"515",11.4,11.69,11.03,11.31,146114229,9.117631
"516",11.28,11.45,11.18,11.32,61330999,9.125692
"517",11.33,11.45,10.85,11.01,82375532,8.875782
"518",10.9,11.17,10.73,10.82,77476142,8.722614
"519",10.82,11.4,10.82,11.32,87903095,9.125692
"520",11.52,12.09,11.52,12,154546514,9.673879
"521",12.01,12.18,11.78,12.04,87506614,9.706125
"522",11.04,11.25,10.84,10.84,311545544,8.738736
"523",10.83,11.05,10.5,10.89,218277525,8.779045
"524",10.94,11.27,10.94,11.15,145417479,8.988646
"525",11.09,11.43,10.89,11.21,114670135,9.037015
"526",11.22,11.3,10.95,10.96,70600023,8.835476
"527",10.9,11.26,10.8,11.11,66667092,8.956399
"528",11.05,11.45,11.04,11.22,97831067,9.045077
"529",11.2,11.2,10.87,10.95,64584652,8.827414
"530",10.82,11.01,10.64,10.8,70496318,8.706491
"531",10.75,10.98,10.33,10.48,104999733,8.44852
"532",10.43,10.8,10.43,10.69,62920981,8.617812
"533",10.71,11.03,10.61,10.95,70996709,8.827414
"534",10.96,11.42,10.91,11.22,104552810,9.045077
"535",11.23,11.3,10.84,11.01,80610377,8.875782
"536",11,11.08,10.82,11,68408212,8.867723
"537",11.05,11.25,10.91,11.14,59536498,8.980584
"538",11.17,11.57,11.11,11.12,97241213,8.96446
"539",11.09,11.43,11.09,11.25,60769798,9.069262
"540",11.05,11.07,10.5,10.96,105144156,8.835476
"541",10.94,10.98,10.71,10.76,41894995,8.674245
"542",10.83,11.25,10.83,11,67843859,8.867723
"543",11.07,11.45,11,11.2,90543003,9.028954
"544",11.23,11.43,11.01,11.2,53910464,9.028954
"545",10.88,11.07,10.6,10.98,66456864,8.851598
"546",10.98,11.25,10.93,10.99,65685830,8.859661
"547",11.03,11.2,10.94,11.04,60813232,8.899967
"548",11.19,11.35,10.99,11,51563841,8.867723
"549",10.94,11.07,10.89,10.92,37744202,8.803229
"550",10.98,11.19,10.75,11.03,65294367,8.891907
"551",10.93,11.66,10.9,11.64,142495345,9.383662
"552",11.63,11.89,11.42,11.65,87720144,9.391724
"553",11.56,11.93,11.52,11.7,65582888,9.432031
"554",11.74,11.93,11.59,11.91,86913542,9.601324
"555",11.94,12,11.41,11.69,96935830,9.423969
"556",11.58,11.58,10.98,11.28,100475436,9.093447
"557",11.28,11.44,11.04,11.3,100774305,9.109568
"558",11.24,11.24,10.91,10.98,102690866,8.851598
"559",10.99,11.19,10.99,11.03,48444343,8.891907
"560",10.88,11.38,10.86,11.34,73106311,9.141815
"561",11.35,11.7,11.34,11.39,100654064,9.182124
"562",11.39,11.48,11.24,11.32,70548375,9.125692
"563",11.27,11.61,11.25,11.58,79763991,9.335292
"564",11.72,12.04,11.68,11.74,80520426,9.464277
"565",11.69,11.73,11.4,11.59,61023713,9.343353
"566",11.58,11.78,11.55,11.75,40236098,9.47234
"567",11.77,11.9,11.59,11.62,38375174,9.367539
"568",11.59,11.67,11.26,11.32,42887758,9.125692
"569",11.32,11.42,11.21,11.31,32849474,9.117631
"570",11.18,11.7,11.12,11.7,85115614,9.58457
"571",11.68,12.2,11.67,12.16,151364129,9.9614
"572",12.2,12.45,11.9,11.93,126290487,9.772985
"573",11.99,12.03,11.77,12.03,69293266,9.854905
"574",11.99,12.3,11.88,12.1,76503339,9.912248
"575",12.1,12.47,11.9,12.01,93165082,9.838521
"576",12.05,12.19,11.72,11.91,87662035,9.756602
"577",11.84,11.87,11.68,11.8,51237499,9.66649
"578",11.81,12.38,11.72,12.36,94178764,10.125238
"579",12.36,12.61,12.26,12.32,98852007,10.092471
"580",12.2,12.45,12.11,12.31,51775025,10.08428
"581",12.31,12.41,11.95,11.98,61379359,9.813946
"582",12.01,12.2,11.95,12,52348906,9.830329
"583",12,12.16,11.74,11.86,73788188,9.715643
"584",11.9,11.9,11.68,11.83,47892830,9.691066
"585",11.79,11.82,11.43,11.49,67642762,9.41254
"586",11.45,11.53,11.06,11.21,87652503,9.183165
"587",11,11,10.45,10.67,86938921,8.740802
"588",10.71,10.82,10.65,10.69,56813739,8.757185
"589",10.73,10.75,10.18,10.33,117954908,8.462275
"590",10.35,10.47,10.3,10.44,70590357,8.552386
"591",10.38,10.38,9.99,10.19,96882103,8.347588
"592",10.19,10.27,9.89,9.92,80301176,8.126406
"593",9.72,10.06,9.6,9.9,90978987,8.110021
"594",9.88,9.88,9,9.03,173365094,7.397322
"595",8.9,9.16,8.38,8.85,170938862,7.249868
"596",9.1,9.14,8.79,8.99,143592186,7.364555
"597",9.1,9.36,9.01,9.09,129277445,7.446474
"598",9.15,10,9.15,9.85,234909285,8.069061
"599",9.74,10,9.62,9.88,103759338,8.093638
"600",9.88,9.91,9.4,9.72,110995668,7.962565
"601",9.7,9.7,9.22,9.46,123077781,7.749576
"602",9.38,9.92,9.38,9.8,132003811,8.028102
"603",10.2,10.7,10.06,10.2,142439856,8.35578
"604",10.06,10.33,9.9,10,84632748,8.19194
"605",9.91,10.05,9.58,9.66,80460974,7.913415
"606",9.71,10.31,9.63,10.28,94910142,8.421315
"607",10.37,11.01,10.35,10.78,197670616,8.830912
"608",10.83,10.95,10.32,10.4,92669019,8.519618
"609",10.45,10.75,10.24,10.45,86632508,8.560578
"610",10.34,10.52,10.11,10.45,89019725,8.560578
"611",10.35,10.7,10.1,10.39,91172856,8.511427
"612",10.35,10.52,10.07,10.12,73428323,8.290243
"613",10.15,10.18,9.5,9.56,138749304,7.831496
"614",9.48,9.6,9.29,9.45,88292652,7.741385
"615",9.5,9.88,9.42,9.88,91277075,8.093638
"616",9.8,9.85,9.4,9.59,110450897,7.856071
"617",9.59,9.69,9.4,9.5,73204962,7.782343
"618",9.41,9.53,9.3,9.35,64357475,7.659465
"619",9.28,9.28,8.93,9.15,110724868,7.495625
"620",9.13,9.47,9.01,9.26,94080806,7.585738
"621",9.8,10.1,9.49,9.52,158506985,7.798728
"622",9.57,9.88,9.5,9.74,98028904,7.97895
"623",10.07,10.26,9.9,9.98,132833863,8.175557
"624",9.9,10.04,9.82,9.99,76602583,8.183748
"625",9.85,9.96,9.66,9.93,102637820,8.134598
"626",10.1,10.34,9.93,9.98,155839503,8.175557
"627",10.04,10.04,9.76,9.79,78178872,8.01991
"628",9.88,9.91,9.6,9.75,71965189,7.987141
"629",9.77,10.13,9.77,10.13,141877025,8.298437
"630",10.12,10.19,10.03,10.16,84442596,8.323012
"631",10.25,10.34,10.07,10.09,92923102,8.265668
"632",10.1,10.14,9.89,9.91,77319221,8.118215
"633",9.87,10.5,9.79,9.89,159407144,8.10183
"634",9.81,10.05,9.7,9.96,99054015,8.159173
"635",9.92,9.99,9.71,9.76,96750918,7.995335
"636",9.75,9.78,9.54,9.6,75388583,7.864263
"637",9.6,9.75,9.54,9.58,56106361,7.847879
"638",9.65,9.67,9.36,9.56,72848084,7.831496
"639",9.57,9.73,9.42,9.72,85905185,7.962565
"640",9.69,9.74,9.57,9.63,65414993,7.888839
"641",9.54,9.54,9.36,9.45,92721985,7.741385
"642",9.45,9.5,9.36,9.48,66549230,7.76596
"643",9.44,9.54,9.36,9.46,68333833,7.749576
"644",9.5,9.52,9.17,9.29,92254915,7.610313
"645",9.35,9.73,9.25,9.71,164005885,7.954375
"646",9.65,9.75,9.6,9.63,76908308,7.888839
"647",9.7,9.9,9.66,9.66,105688315,7.913415
"648",9.63,9.81,9.46,9.55,89402601,7.823304
"649",9.57,10.12,9.53,9.94,194597012,8.142789
"650",10,10.11,9.9,10.08,103608890,8.257476
"651",10.18,10.45,10.1,10.23,148168684,8.380356
"652",10.25,10.38,9.97,10.22,125597432,8.372164
"653",10.21,10.4,10.1,10.14,110885693,8.306629
"654",10.21,10.28,9.9,9.92,93173789,8.126406
"655",9.97,9.97,9.59,9.6,113583163,7.864263
"656",9.6,9.66,9.56,9.63,63167950,7.888839
"657",9.68,9.71,9.58,9.69,70982161,7.937991
"658",9.62,9.63,9.36,9.4,116562566,7.700424
"659",9.4,9.4,9.15,9.19,145011049,7.528393
"660",9.2,9.25,8.99,9.01,121394052,7.380939
"661",9.02,9.08,8.95,9.06,69524583,7.421898
"662",9.08,9.18,9.03,9.13,63375630,7.479242
"663",9.11,9.6,9.01,9.55,154685282,7.823304
"664",9.5,9.51,9.32,9.39,85036560,7.692233
"665",9.39,9.47,9.3,9.41,72710573,7.708617
"666",9.45,9.48,9.35,9.44,80225709,7.733192
"667",9.43,9.43,9.16,9.2,116793089,7.536585
"668",9.2,9.22,9.1,9.19,75066233,7.528393
"669",9.14,9.21,9.02,9.07,63764717,7.43009
"670",9.13,9.18,9.05,9.07,35453166,7.43009
"671",9.09,9.2,9.02,9.17,48938199,7.51201
"672",9.18,9.2,9.04,9.18,66814926,7.520202
"673",9.16,9.17,9.05,9.08,62510306,7.438282
"674",9.1,9.23,9.03,9.07,74875213,7.43009
"675",9,9.17,8.84,8.96,71400847,7.339979
"676",8.97,9.06,8.87,8.9,51716000,7.290826
"677",8.95,8.95,8.71,8.73,55573519,7.151564
"678",8.74,8.95,8.67,8.85,87113738,7.249868
"679",8.97,9.1,8.78,9.08,92582855,7.438282
"680",9.29,9.65,9.2,9.21,195899610,7.544778
"681",9.15,9.5,9.11,9.39,92113317,7.692233
"682",9.48,9.49,9.18,9.2,53694682,7.536585
"683",9.17,9.22,9.07,9.2,42789175,7.536585
"684",9.15,9.16,9,9.02,61483870,7.389132
"685",9.01,9.04,8.9,8.97,39130488,7.348171
"686",8.95,9.05,8.85,8.87,45815309,7.266252
"687",8.87,8.9,8.49,8.71,63161614,7.135181
"688",8.7,8.84,8.66,8.81,43692619,7.2171
"689",8.82,8.88,8.74,8.76,41039736,7.17614
"690",8.83,8.88,8.57,8.69,61256991,7.118796
"691",8.69,9.01,8.65,8.91,82040061,7.29902
"692",8.92,9.21,8.83,9.2,112926865,7.536585
"693",9.19,9.19,9.03,9.08,64119879,7.438282
"694",9.13,9.18,9.02,9.1,46224723,7.454667
"695",9,9,8.71,8.83,92184386,7.233483
"696",8.83,8.88,8.68,8.7,73831837,7.126988
"697",8.6,8.69,8.5,8.61,79064459,7.053261
"698",8.61,8.65,8.5,8.54,72815994,6.995917
"699",8.54,8.6,8.48,8.56,65311128,7.012302
"700",8.56,8.8,8.56,8.69,99854492,7.118796
"701",8.7,8.84,8.66,8.76,83361067,7.17614
"702",8.7,8.74,8.53,8.56,74523865,7.012302
"703",8.55,8.69,8.49,8.65,60527890,7.086029
"704",8.6,8.85,8.58,8.74,96920350,7.159756
"705",8.74,8.84,8.69,8.74,65159192,7.159756
"706",8.7,8.78,8.63,8.67,49028993,7.102412
"707",8.69,8.74,8.59,8.62,42454623,7.061453
"708",8.62,8.71,8.62,8.67,53895967,7.102412
"709",8.62,8.65,8.52,8.54,54940027,6.995917
"710",8.52,8.58,8.51,8.53,39013317,6.987725
"711",8.5,8.6,8.49,8.54,40964879,6.995917
"712",8.56,8.59,8.42,8.43,56120275,6.905806
"713",8.45,8.46,8.25,8.27,66563250,6.774735
"714",8.3,8.33,8.24,8.26,46767849,6.766543
"715",8.28,8.32,8.11,8.14,58666409,6.66824
"716",8.18,8.19,7.85,7.85,83183147,6.430674
"717",7.86,7.9,7.72,7.79,64642037,6.381522
"718",7.8,7.95,7.71,7.83,52440681,6.414289
"719",7.83,7.93,7.76,7.91,45541441,6.479825
"720",7.9,7.91,7.75,7.8,53486219,6.389714
"721",7.85,8.1,7.81,8.03,73964223,6.578129
"722",8.05,8.07,7.8,7.86,74705680,6.438866
"723",7.79,8.07,7.74,8.03,72316396,6.578129
"724",7.99,8.07,7.92,7.99,48529922,6.54536
"725",7.97,7.97,7.76,7.84,54046703,6.422482
"726",7.82,7.84,7.37,7.48,123159417,6.127572
"727",7.43,7.51,7.34,7.43,60114910,6.086612
"728",7.45,7.51,7.38,7.42,59453293,6.07842
"729",7.43,7.52,7.35,7.46,81723447,6.111188
"730",7.42,7.47,7.37,7.38,46769821,6.045652
"731",7.39,7.42,7.06,7.24,118755434,5.930965
"732",7.18,7.26,7.13,7.23,86962315,5.922773
"733",7.21,7.23,7.12,7.17,49175339,5.873622
"734",7.18,7.22,7.12,7.19,47695031,5.890006
"735",7.17,7.18,7.08,7.08,55566776,5.799894
"736",7.06,7.16,7.04,7.13,41191616,5.840854
"737",7.15,7.27,7.15,7.22,48030688,5.914581
"738",7.24,7.68,7.22,7.62,114057648,6.242259
"739",7.64,7.66,7.43,7.49,78757310,6.135764
"740",7.47,7.93,7.45,7.79,136181576,6.381522
"741",7.7,7.77,7.58,7.65,70673937,6.266835
"742",7.7,7.79,7.53,7.64,42356651,6.258643
"743",7.67,7.68,7.48,7.54,50799173,6.176723
"744",7.52,7.52,7.36,7.38,39253866,6.045652
"745",7.34,7.41,7.24,7.41,49853030,6.070228
"746",7.45,7.55,7.42,7.51,106237990,6.152148
"747",7.5,7.62,7.43,7.55,108444665,6.184916
"748",7.53,7.61,7.49,7.52,83775437,6.160339
"749",7.52,7.52,7.38,7.41,84305117,6.070228
"750",7.41,7.45,7.3,7.37,95328746,6.03746
"751",7.4,7.42,7.3,7.37,85133904,6.03746
"752",7.36,7.36,7.26,7.27,78169462,5.955541
"753",7.27,7.4,7.23,7.37,91851794,6.03746
"754",7.37,7.48,7.3,7.32,90021801,5.9965
"755",7.31,7.35,7.1,7.16,104226543,5.865429
"756",7,7.01,6.62,6.69,190424662,5.480408
"757",6.7,6.74,6.55,6.57,129932467,5.382105
"758",6.57,6.71,6.52,6.68,94190488,5.472216
"759",6.68,6.69,6.55,6.59,79014200,5.398489
"760",6.61,6.74,6.58,6.72,67940834,5.504985
"761",6.67,6.71,6.56,6.64,76074355,5.439448
"762",7,7.1,6.78,6.92,212249601,5.668823
"763",6.92,6.92,6.75,6.76,59026244,5.537752
"764",6.76,7.43,6.69,7.32,266097004,5.9965
"765",7.34,7.46,7.23,7.27,171953502,5.955541
"766",7.22,7.33,7.04,7.15,116402600,5.857238
"767",7.19,7.59,7.15,7.5,189248809,6.143956
"768",7.48,7.85,7.42,7.6,208987285,6.225875
"769",7.58,7.85,7.53,7.71,149235872,6.315987
"770",7.68,7.81,7.5,7.53,130310997,6.168531
"771",7.6,7.8,7.59,7.76,117707900,6.356946
"772",7.76,7.76,7.55,7.6,84389956,6.225875
"773",7.51,7.54,7.24,7.5,157546281,6.143956
"774",7.5,7.73,7.4,7.51,115455187,6.152148
"775",7.57,8.08,7.45,8.01,270439501,6.561745
"776",8.01,8.17,7.85,8.06,139877099,6.602705
"777",8.04,8.2,7.9,7.98,95754115,6.537169
"778",7.99,8.04,7.79,7.85,70405842,6.430674
"779",7.8,8.1,7.73,7.98,107800631,6.537169
"780",7.93,8.24,7.92,8.12,110530999,6.651856
"781",8.16,8.22,7.96,8.09,67897119,6.62728
"782",8.08,8.18,8.05,8.08,52524942,6.619088
"783",8.14,8.4,8.11,8.29,128655948,6.791119
"784",8.3,8.39,8.07,8.1,98636692,6.635472
"785",8.1,8.15,8.01,8.11,64285871,6.643663
"786",8.05,8.23,7.94,8.15,96118504,6.676431
"787",8.16,8.19,8.02,8.05,92985418,6.594512
"788",8.04,8.08,7.82,8.05,160169456,6.594512
"789",8,8.01,7.89,7.95,77595171,6.512593
"790",7.95,8.01,7.83,7.93,53024683,6.496209
"791",7.86,7.91,7.7,7.76,75881356,6.356946
"792",7.74,7.92,7.71,7.87,70965625,6.447057
"793",7.88,7.89,7.73,7.75,45759242,6.348754
"794",7.7,7.8,7.62,7.78,41008279,6.37333
"795",7.71,7.8,7.65,7.66,45448390,6.275027
"796",7.65,7.77,7.62,7.74,64815843,6.340562
"797",7.72,7.83,7.7,7.8,48885958,6.389714
"798",7.83,8.1,7.77,7.99,139640297,6.54536
"799",8.07,8.11,7.9,7.94,69763109,6.504401
"800",7.98,8.16,7.92,7.97,96845118,6.528977
"801",7.91,7.98,7.67,7.94,67109783,6.504401
"802",7.87,7.98,7.77,7.9,39547643,6.471633
"803",7.85,7.86,7.67,7.74,57717483,6.340562
"804",7.74,7.9,7.74,7.79,46379716,6.381522
"805",7.79,7.89,7.75,7.87,52723015,6.447057
"806",7.48,7.58,7.32,7.35,75190490,6.351993
"807",7.35,7.37,7.1,7.26,62968012,6.274214
"808",7.28,7.43,7.19,7.32,51722748,6.326067
"809",7.39,7.59,7.37,7.53,89727866,6.507553
"810",7.65,7.83,7.61,7.63,93198701,6.593974
"811",7.62,7.64,7.53,7.58,45869870,6.550763
"812",7.58,7.8,7.58,7.7,96234169,6.654469
"813",7.66,7.78,7.52,7.69,59464663,6.645827
"814",7.7,7.78,7.64,7.74,68587514,6.689038
"815",7.68,7.77,7.58,7.74,54343526,6.689038
"816",7.75,7.94,7.73,7.89,92142006,6.818671
"817",7.92,8.2,7.85,8.15,133827747,7.043366
"818",8.2,8.29,8.07,8.11,60755644,7.008798
"819",8.11,8.25,8.06,8.17,80099743,7.060651
"820",8.18,8.46,8.17,8.45,155707433,7.302632
"821",8.6,8.75,8.44,8.54,166699697,7.380411
"822",8.58,8.66,8.48,8.55,106158847,7.389054
"823",8.51,8.63,8.32,8.4,118452510,7.25942
"824",8.36,8.4,8.12,8.2,77377164,7.086578
"825",8.18,8.35,8.15,8.31,47658634,7.181642
"826",8.31,8.33,8.09,8.25,49519123,7.129788
"827",8.17,8.56,8.12,8.3,82674296,7.172999
"828",8.25,8.49,8.25,8.39,69509520,7.25078
"829",8.38,8.52,8.32,8.4,57966817,7.25942
"830",8.39,8.46,8.2,8.41,80101101,7.268063
"831",8.38,8.48,8.28,8.43,63554128,7.285347
"832",8.41,8.42,8.18,8.26,86351325,7.138431
"833",8.25,8.25,8.04,8.12,68598640,7.01744
"834",8.12,8.17,8.07,8.1,34636546,7.000156
"835",8.13,8.15,7.97,7.99,40521829,6.905092
"836",8.04,8.13,7.99,8.13,42668277,7.026083
"837",8.13,8.18,8.08,8.15,24932778,7.043366
"838",8.19,8.19,8.05,8.09,32425074,6.991514
"839",8.13,8.14,7.96,8.13,53653821,7.026083
"840",8.12,8.33,8.09,8.26,59903477,7.138431
"841",8.27,8.38,8.23,8.32,55083158,7.190284
"842",8.32,8.33,8.22,8.27,39373646,7.147074
"843",8.29,8.29,8.06,8.1,60936886,7.000156
"844",8.09,8.13,8.05,8.12,40633122,7.01744
"845",8.11,8.17,8.1,8.15,28803744,7.043366
"846",8.2,8.5,8.2,8.47,135819314,7.319916
"847",8.5,8.89,8.45,8.76,146016750,7.570539
"848",8.75,8.78,8.56,8.68,63437524,7.501402
"849",8.69,8.76,8.54,8.56,62359504,7.397696
"850",8.58,8.76,8.58,8.69,49893452,7.510044
"851",8.86,8.94,8.74,8.81,84999231,7.61375
"852",8.79,8.97,8.75,8.88,51388299,7.674246
"853",8.86,8.9,8.84,8.86,37598053,7.65696
"854",8.85,8.93,8.67,8.7,73163862,7.518686
"855",8.69,8.75,8.47,8.61,70507173,7.440907
"856",8.53,9.02,8.51,8.89,102544984,7.682888
"857",8.9,8.99,8.88,8.94,51590098,7.726098
"858",8.9,9.21,8.88,9.18,87526655,7.933511
"859",9.18,9.46,9.18,9.39,89243275,8.114995
"860",9.42,9.82,9.42,9.77,143246839,8.443398
"861",9.82,9.89,9.57,9.81,73857325,8.477966
"862",9.81,10,9.71,9.85,122006964,8.512536
"863",9.84,10.09,9.7,10,106660622,8.642167
"864",9.93,10.01,9.49,9.63,163303506,8.322409
"865",9.58,9.92,9.49,9.9,92241870,8.555745
"866",9.8,9.98,9.73,9.74,90307554,8.417471
"867",9.75,9.97,9.67,9.95,90638324,8.598957
"868",9.97,9.97,9.67,9.74,82225446,8.417471
"869",9.68,9.69,9.47,9.58,76684200,8.279197
"870",9.56,9.65,9.48,9.52,69168170,8.227344
"871",9.52,9.54,9.3,9.44,87785520,8.158207
"872",9.44,9.68,9.44,9.61,70199816,8.305123
"873",9.61,9.61,9.5,9.56,51742768,8.261912
"874",9.61,9.63,9.4,9.55,53130832,8.25327
"875",9.54,9.57,9.35,9.36,62663972,8.089069
"876",9.35,9.5,9.35,9.4,41807899,8.123637
"877",9.41,9.48,9.35,9.38,58681054,8.106354
"878",9.43,9.43,9.33,9.4,58195383,8.123637
"879",9.39,9.39,9.18,9.21,93599027,7.959437
"880",9.18,9.34,9.02,9.33,97301143,8.063143
"881",9.26,9.37,9.24,9.35,58237096,8.080428
"882",9.33,9.33,9.11,9.16,53218239,7.916225
"883",9.1,9.22,9.08,9.16,34970733,7.916225
"884",9.16,9.26,9.11,9.16,33304074,7.916225
"885",9.16,9.18,9.01,9.02,51021812,7.795236
"886",9.05,9.15,9.02,9.12,31654038,7.881657
"887",9.12,9.19,9.1,9.17,43650716,7.924869
"888",9.19,9.25,9.11,9.25,61047053,7.994005
"889",9.26,9.52,9.25,9.5,117016905,8.210059
"890",9.65,9.77,9.6,9.67,110023968,8.356977
"891",9.71,9.86,9.68,9.83,92477194,8.495251
"892",9.83,9.83,9.58,9.62,63020147,8.313766
"893",9.51,9.54,9.35,9.46,69121083,8.175491
"894",9.42,9.58,9.39,9.44,70468191,8.158207
"895",9.4,9.46,9.34,9.44,38822784,8.158207
"896",9.36,9.36,9.2,9.25,96156045,7.994005
"897",9.29,9.34,9.21,9.21,79017359,7.959437
"898",9.27,9.3,9.22,9.27,67567134,8.011291
"899",9.22,9.28,9.17,9.23,64854472,7.97672
"900",9.23,9.28,9.18,9.28,66069087,8.019932
"901",9.26,9.32,9.19,9.22,66823025,7.968079
"902",9.34,9.5,9.28,9.33,87944015,8.063143
"903",9.3,9.45,9.26,9.44,89800368,8.158207
"904",9.49,9.52,9.36,9.39,78939072,8.114995
"905",9.38,9.41,9.28,9.33,54349142,8.063143
"906",9.33,9.33,9.15,9.22,87374168,7.968079
"907",9.21,9.23,9.15,9.18,51921854,7.933511
"908",9.54,9.58,9.35,9.44,144731249,8.158207
"909",9.45,9.57,9.45,9.47,82505043,8.184133
"910",9.47,9.71,9.41,9.57,117857898,8.270555
"911",9.57,9.8,9.5,9.64,82853651,8.33105
"912",9.63,9.63,9.45,9.51,65439841,8.218702
"913",9.46,9.52,9.3,9.41,60905973,8.13228
"914",9.35,9.38,9.28,9.31,60828971,8.045858
"915",9.31,9.41,9.26,9.35,59139585,8.080428
"916",9.4,9.46,9.32,9.35,59740208,8.080428
"917",9.33,9.34,9.2,9.22,55151266,7.968079
"918",9.23,9.28,9.18,9.2,41200588,7.950795
"919",9.21,9.24,9.04,9.1,47805853,7.864373
"920",9.09,9.18,9.05,9.09,32534390,7.85573
"921",9.08,9.09,8.74,8.78,84247692,7.587823
"922",8.82,9.03,8.82,9.02,69320055,7.795236
"923",9.03,9.22,8.92,9.22,83736558,7.968079
"924",9.22,9.22,9.07,9.18,69282091,7.933511
"925",9.16,9.42,9.15,9.4,110085337,8.123637
"926",9.43,9.56,9.2,9.3,88453872,8.037216
"927",9.26,9.42,9.18,9.39,90586942,8.114995
"928",9.38,9.41,9.25,9.29,47882654,8.028574
"929",9.32,9.5,9.29,9.33,72446948,8.063143
"930",9.34,9.56,9.25,9.4,100219593,8.123637
"931",9.5,9.62,9.44,9.58,129161814,8.279197
"932",9.63,9.8,9.56,9.6,166241473,8.296482
"933",9.58,9.74,9.54,9.71,94738670,8.391545
"934",9.72,9.77,9.45,9.51,99145624,8.218702
"935",9.48,9.69,9.4,9.67,98173822,8.356977
"936",9.7,9.84,9.4,9.47,99617708,8.184133
"937",9.43,9.48,9.23,9.29,70960776,8.028574
"938",9.25,9.32,9.15,9.19,72505125,7.942152
"939",9.15,9.27,9.14,9.24,57962549,7.985363
"940",9.23,9.38,9.18,9.37,79580232,8.097712
"941",9.9,10.3,9.75,10.15,469876708,8.7718
"942",10.15,10.22,9.95,10.08,186713202,8.711305
"943",10.08,10.15,9.94,10.1,189055113,8.72859
"944",10.14,10.45,10.03,10.27,216268292,8.875507
"945",10.2,11,10.11,10.9,332032901,9.419963
"946",10.9,10.99,10.61,10.64,205976774,9.195267
"947",10.54,11.15,10.46,10.93,235322863,9.445889
"948",11,11.88,11,11.2,340833803,9.679228
"949",11.21,11.8,11.03,11.69,232218028,10.102695
"950",11.73,12.1,11.1,11.46,312328425,9.903924
"951",11.45,12.53,11.3,12.3,359270797,10.629866
"952",12,13.2,11.28,11.42,456768908,9.869356
"953",11.58,12.08,11.26,11.95,267254905,10.327391
"954",11.8,12.45,11.68,12.03,184410098,10.396528
"955",12.03,12.15,11.5,11.69,131025884,10.102695
"956",11.55,11.56,11.08,11.3,167788363,9.76565
"957",11.22,11.53,11.08,11.53,203807940,9.964419
"958",11.5,11.96,11.26,11.93,305553401,10.310106
"959",12.01,12.28,11.55,11.62,241689311,10.042198
"960",11.62,11.63,11.18,11.48,182246098,9.921208
"961",11.5,12.18,11.31,11.72,276651532,10.128621
"962",11.7,12.2,11.35,11.75,286011890,10.154548
"963",11.72,11.75,10.93,11.03,271519365,9.53231
"964",11.08,11.28,10.94,11.22,161341126,9.696513
"965",11.23,11.81,11.18,11.78,257646232,10.180473
"966",12.03,12.86,11.88,12.43,543748334,10.742214
"967",12.45,13.15,12.19,12.64,386124422,10.9237
"968",12.6,13.9,12.46,13.9,489954459,12.012613
"969",14.54,15.29,14.5,14.91,656083570,12.885472
"970",14.6,14.99,14.05,14.36,334634683,12.410152
"971",14.26,14.5,14,14.23,264205133,12.297805
"972",14.32,14.37,13.46,13.59,263939418,11.744706
"973",13.54,14.22,13.29,13.45,329458430,11.623715
"974",13.32,13.32,12.75,13.12,243634136,11.338524
"975",13.05,13.38,12.97,13.07,166461033,11.295313
"976",13.07,13.3,12.87,13.1,164681802,11.32124
"977",13.13,13.83,13,13.77,242968664,11.900266
"978",13.77,13.77,13.39,13.52,212947597,11.684211
"979",12.5,12.9,12.17,12.17,360362565,10.517518
"980",12.2,12.6,12.06,12.35,291468879,10.673079
"981",12.33,13.2,12.1,13.05,355529415,11.278029
"982",13.02,13.65,12.92,13.58,322472724,11.736063
"983",13.57,14.09,13.3,13.92,331040858,12.029898
"984",13.99,14,13.44,13.7,216268529,11.83977
"985",13.67,13.72,12.86,13.18,280401840,11.390377
"986",13.11,13.27,12.88,13,156174324,11.234818
"987",12.7,13.17,12.62,13.01,146830314,11.243461
"988",13.09,13.49,12.8,13.12,209624706,11.338524
"989",12.79,13.39,12.48,12.88,197676082,11.131113
"990",12.91,13.13,12.3,12.96,293687163,11.20025
"991",12.9,13.16,12.77,12.8,166087204,11.061975
"992",13.39,13.53,12.68,12.7,316036059,10.975554
"993",12.62,12.62,11.98,12.16,316318643,10.508876
"994",12.03,12.33,11.74,12.18,127802405,10.526161
"995",12.11,12.47,12.05,12.42,107745646,10.733573
"996",12.5,12.64,12.34,12.41,87832923,10.724931
"997",12.41,12.55,12.2,12.47,89526728,10.776784
"998",12.54,13.01,12.33,12.76,196804327,11.027407
"999",12.66,12.76,12.53,12.64,130814481,10.9237
"1000",12.71,12.83,12.62,12.77,119878310,11.036049
"1001",12.77,12.77,12.33,12.4,149805183,10.716288
"1002",12.4,12.85,12.35,12.85,173376273,11.105186
"1003",12.77,12.97,12.69,12.75,124631861,11.018764
"1004",13.02,13.1,12.63,12.77,322563394,11.036049
"1005",12.62,12.63,12.16,12.2,236553541,10.543445
"1006",12.2,12.38,12.04,12.22,164713763,10.56073
"1007",12.09,12.16,11.81,11.9,179378693,10.284179
"1008",11.9,12.13,11.88,11.94,110503684,10.318748
"1009",11.8,12.36,11.53,12.22,204422896,10.56073
"1010",12.09,12.16,11.97,12.02,107710986,10.387887
"1011",12.02,12.2,11.87,11.93,115373366,10.310106
"1012",12.06,12.29,11.96,12.22,181872852,10.56073
"1013",12.27,12.4,12.16,12.23,133406973,10.56937
"1014",12.36,12.53,12.26,12.49,175378183,10.794066
"1015",12.59,12.74,12.51,12.63,212834913,10.915059
"1016",12.65,13.2,12.65,13.14,289546776,11.355809
"1017",13.08,13.08,12.76,12.87,212978891,11.12247
"1018",12.95,13.35,12.78,13.14,349401617,11.355809
"1019",13.3,13.65,13.26,13.36,331361197,11.545936
"1020",13.37,13.38,12.86,13.05,265616943,11.278029
"1021",13.04,13.04,12.69,12.78,207376123,11.044691
"1022",12.69,13.05,12.57,12.95,209000774,11.191607
"1023",13.18,13.35,13.02,13.35,344158989,11.537294
"1024",13.4,14.48,13.18,14.24,636164786,12.306446
"1025",14.85,14.97,13.65,13.82,748147370,11.943476
"1026",13.73,13.86,13.47,13.72,375803467,11.857055
"1027",13.76,13.92,13.43,13.59,319924638,11.744706
"1028",13.41,13.48,13.19,13.45,356563188,11.623715
"1029",13.48,13.73,13.37,13.72,375319504,11.857055
"1030",13.72,13.92,13.41,13.82,448981516,11.943476
"1031",13.83,14.82,13.51,14.64,717154662,12.652134
"1032",14.28,14.47,14.07,14.32,424894210,12.375585
"1033",14.42,14.62,14.22,14.37,407430546,12.418795
"1034",14.33,14.46,14,14.12,327675989,12.202741
"1035",14.1,14.18,13.81,13.9,278402259,12.012613
"1036",13.84,14.3,13.77,14.3,334623330,12.3583
"1037",14.52,14.92,14.31,14.67,584609275,12.678061
"1038",14.78,15.1,14.19,14.21,593316479,12.28052
"1039",14.16,14.55,14.02,14.48,374324313,12.513859
"1040",14.5,14.92,14.41,14.88,446876301,12.859546
"1041",15.15,15.25,14.65,14.76,471733124,12.75584
"1042",14.48,14.7,14.15,14.42,362066189,12.462007
"1043",14.41,14.7,14.3,14.7,422562029,12.703986
"1044",14.65,14.66,14.11,14.19,386603904,12.263236
"1045",14.07,14.43,13.93,14.24,277332899,12.306446
"1046",14.33,14.93,14.21,14.6,541148626,12.617566
"1047",14.62,14.79,14.4,14.55,309176805,12.574354
"1048",14.61,14.63,13.62,13.77,328552431,11.900266
"1049",13.83,14.05,13.41,13.56,252171903,11.718781
"1050",13.54,13.78,13.48,13.61,175422281,11.76199
"1051",13.7,13.81,13.47,13.8,197857505,11.926192
"1052",14,14.1,13.81,14.07,365307474,12.159531
"1053",14.04,14.04,13.83,13.92,254732800,12.029898
"1054",13.93,14.92,13.73,14.7,580546114,12.703986
"1055",14.9,15.6,14.53,14.59,778625342,12.608924
"1056",14.71,14.78,13.99,14.16,339140815,12.23731
"1057",13.99,13.99,13.7,13.84,236527111,11.96076
"1058",13.88,14.26,13.8,14.16,258179781,12.23731
"1059",14.18,14.38,13.98,14.05,305594100,12.142246
"1060",14.08,14.3,13.91,14.15,254051024,12.228667
"1061",14.21,14.58,14.15,14.49,380124517,12.522501
"1062",14.53,15.13,14.53,15.02,446566998,12.980537
"1063",15.27,15.87,14.86,15.77,656148578,13.628699
"1064",15.65,15.85,15.37,15.4,412444862,13.308938
"1065",15.51,15.64,14.01,14.35,450320231,12.401511
"1066",14.35,14.55,13.98,14.35,284531661,12.401511
"1067",14.38,14.94,14.25,14.88,310039974,12.859546
"1068",15,15.01,14.55,14.8,267869131,12.790408
"1069",14.83,15.18,14.55,15.05,301371813,13.006462
"1070",15.07,15.35,14.13,14.99,375206820,12.95461
"1071",15.15,15.75,15.01,15.57,564150579,13.455855
"1072",15.6,16.219999,15.47,16.08,584961557,13.896605
"1073",16.16,16.25,15.49,15.66,425738667,13.533634
"1074",15.43,15.75,15.35,15.52,282956405,13.412645
"1075",15.4,15.52,15.15,15.32,231757026,13.239801
"1076",15.35,15.66,15.3,15.48,246793668,13.378076
"1077",15.48,15.5,14.91,14.95,274181057,12.92004
"1078",14.92,14.93,14.26,14.38,266842914,12.427438
"1079",14.42,14.6,14.1,14.58,218612378,12.600281
"1080",14.64,14.82,14.15,14.18,262541135,12.254594
"1081",14,14.21,13.5,13.55,218568384,11.710137
"1082",13.6,14.3,13.51,14.27,277647512,12.332373
"1083",14.28,14.41,14.07,14.38,216188459,12.427438
"1084",14.4,14.76,14.16,14.2,254473843,12.271878
"1085",13.96,14.25,12.8,13.43,307064141,11.606431
"1086",13.85,14.3,12.88,13.69,420797360,11.831127
"1087",13.92,14.62,13.6,14.52,409226236,12.548428
"1088",14.25,14.72,14.15,14.25,289250299,12.31509
"1089",14.31,14.43,13.14,14.21,334916085,12.28052
"1090",13.93,14.25,13.2,13.7,315467326,11.83977
"1091",14.93,15.07,13.9,14.88,616547408,12.859546
"1092",14.5,15.05,14.16,14.54,465093034,12.565712
"1093",13.36,14.09,13.09,13.26,717086208,11.459515
"1094",13.26,14.59,12.81,14.55,607045140,12.574354
"1095",14.2,15.82,14,14.97,910770167,12.937325
"1096",14.6,15.49,14.26,15.1,468795496,13.049674
"1097",14.68,14.93,14.41,14.55,277962347,12.574354
"1098",14.44,15.11,14.26,14.71,268355464,12.712628
"1099",14.71,14.88,14.43,14.7,177724598,12.703986
"1100",14.77,15.21,14.62,15.07,255267315,13.023746
"1101",14.97,15.38,14.8,15.35,296150238,13.265729
"1102",14.77,14.77,14.5,14.51,195781788,12.962001
"1103",14.51,14.75,14.1,14.7,234234393,13.13173
"1104",14.54,15.23,14.46,15.16,337348759,13.542655
"1105",15.17,16,15.1,15.41,465422714,13.765985
"1106",15.41,15.96,13.95,14.2,312722110,12.685073
"1107",13.9,14.8,13.76,14.62,283619253,13.060266
"1108",14.6,14.75,14.35,14.6,164106499,13.042399
"1109",14.58,14.65,14.08,14.08,124346375,12.577875
"1110",13.95,14.24,13.89,14.18,122783950,12.667207
"1111",14.1,14.62,13.96,14.61,153913660,13.051332
"1112",14.61,14.98,14.53,14.79,80863209,13.212129
"1113",14.73,14.75,14.4,14.45,76117703,12.908401
"1114",14.26,14.63,14.14,14.34,50953691,12.810138
"1115",14.47,14.71,14.38,14.6,86651891,13.042399
"1116",14.69,15.18,14.53,15.07,168630747,13.462256
"1117",14.95,15.93,14.84,15.57,256740181,13.908915
"1118",15.2,15.36,14.83,14.93,144525235,13.337193
"1119",14.9,15.06,14.55,14.88,116320856,13.292527
"1120",14.86,15.29,14.81,14.95,149400695,13.355059
"1121",14.78,14.82,14.57,14.76,127326271,13.185329
"1122",14.74,14.89,14.1,14.22,147844654,12.70294
"1123",14.09,14.54,14.03,14.5,99934149,12.953067
"1124",14.35,14.45,14.22,14.28,84249386,12.756538
"1125",14.19,14.38,13.85,13.91,137928170,12.426011
"1126",13.65,13.68,12.88,13.19,341975724,11.782825
"1127",12.8,13.42,12.54,13,275062801,11.613095
"1128",13.3,13.82,13.05,13.25,234684650,11.836424
"1129",13.64,13.68,12.6,13.18,153356327,11.773891
"1130",13.31,13.68,13.04,13.58,137418669,12.131217
"1131",13.41,13.8,13.2,13.8,143421372,12.327747
"1132",13.7,14.26,13.26,14.23,195073023,12.711872
"1133",13.77,14.33,13.47,14.22,229469623,12.70294
"1134",13.99,14.5,13.5,13.6,140058109,12.149085
"1135",13.54,13.68,13.3,13.68,65181113,12.220549
"1136",13.71,14.04,13.59,13.76,83457692,12.292015
"1137",13.63,13.79,13.51,13.54,41776819,12.095486
"1138",13.59,13.67,13.4,13.47,31345274,12.032954
"1139",13.47,13.54,13.17,13.19,56811697,11.782825
"1140",13.19,13.29,12.9,13.02,47673875,11.630961
"1141",13.09,13.65,12.91,13.43,70785553,11.99722
"1142",13.35,13.39,13.1,13.1,61252961,11.702427
"1143",13.12,13.19,13.04,13.12,34457148,11.720292
"1144",13.06,13.2,13.06,13.18,47172075,11.773891
"1145",13.23,13.35,13.18,13.26,45124048,11.845357
"1146",13.15,13.26,13.1,13.15,32059731,11.747091
"1147",13.2,13.21,13.05,13.09,44359699,11.693493
"1148",13.02,13.09,12.85,12.9,44228017,11.523763
"1149",12.88,12.99,12.78,12.85,41265686,11.479097
"1150",12.75,12.79,12.52,12.6,59787853,11.25577
"1151",12.67,12.81,12.57,12.73,48951862,11.3719
"1152",13.25,13.32,13.03,13.07,82086235,11.675627
"1153",13.13,13.28,13.07,13.23,63450500,11.818557
"1154",13.23,13.64,13.21,13.48,78417153,12.041885
"1155",13.41,13.56,13.35,13.47,56889346,12.032954
"1156",13.32,13.47,13.25,13.28,54490467,11.863223
"1157",13.3,13.56,13.28,13.52,43805390,12.077619
"1158",13.53,13.75,13.52,13.65,50645291,12.193748
"1159",13.7,13.7,13.4,13.53,57448792,12.086552
"1160",13.43,13.65,13.42,13.55,40724637,12.104418
"1161",13.55,13.61,13.2,13.23,55800509,11.818557
"1162",13.23,13.4,13.17,13.35,45233418,11.925756
"1163",13.36,13.8,13.31,13.74,67564569,12.274148
"1164",13.88,13.97,13.58,13.67,78036045,12.211617
"1165",13.55,13.72,13.32,13.69,34463302,12.229482
"1166",13.68,13.83,13.66,13.66,34416490,12.202682
"1167",13.66,13.73,13.54,13.62,27891776,12.166949
"1168",13.7,13.75,13.6,13.67,29831792,12.211617
"1169",13.61,13.67,13.54,13.56,32898935,12.113352
"1170",13.56,13.7,13.54,13.66,29760421,12.202682
"1171",13.65,14.1,13.61,14.08,76865444,12.577875
"1172",14.05,14.58,13.95,14.12,92318052,12.613607
"1173",14.11,14.31,14.06,14.21,50176457,12.694006
"1174",14.21,14.66,14.18,14.4,83050501,12.863735
"1175",14.33,14.37,14.2,14.27,52460045,12.747604
"1176",14.21,14.32,14.1,14.17,57861255,12.658273
"1177",14.24,14.25,14.01,14.09,53485066,12.586809
"1178",14,14.05,13.83,13.9,38362808,12.417078
"1179",13.81,14,13.71,14,32070708,12.506411
"1180",14.03,14.3,13.9,14,65129951,12.506411
"1181",14.07,15.27,14.01,14.67,175344374,13.104931
"1182",14.6,14.6,14.18,14.5,88604441,12.953067
"1183",14.45,14.72,14.37,14.49,73248295,12.944134
"1184",14.5,14.64,14.32,14.37,62928810,12.836936
"1185",14.37,14.55,14.14,14.5,74568658,12.953067
"1186",14.42,14.72,14.39,14.56,58181863,13.006667
"1187",14.55,14.62,14.47,14.5,38374822,12.953067
"1188",14.43,14.65,14.24,14.26,88815558,12.738672
"1189",14.29,15.25,14.28,15.07,202000999,13.462256
"1190",14.99,16.58,14.93,16.58,375016370,14.811162
"1191",16.68,18.24,16.540001,18.24,638988613,16.294065
"1192",18.450001,19.33,18.08,19.15,477123637,17.106981
"1193",18.9,19.84,18.6,18.98,376800949,16.955118
"1194",18.82,18.98,17.67,18.02,225571938,16.097538
"1195",17.9,18.07,17.4,17.77,152988606,15.874207
"1196",17.950001,19.549999,17.809999,19.549999,359851973,17.464308
"1197",19.59,21.360001,19.02,19.540001,306737466,17.455376
"1198",19.139999,20.34,18.780001,19.9,203500842,17.776968
"1199",19.6,20.48,19.01,20.08,139219406,17.937767
"1200",19.6,21.459999,19.6,21.08,167387632,18.831081
"1201",20.629999,20.99,20.01,20.190001,118536396,18.03603
"1202",20.379999,22.209999,20.35,22.209999,258339265,19.840525
"1203",22.4,24.43,21.66,24.43,223898402,21.823685
"1204",24.43,24.43,24.43,24.43,0,21.823685
"1205",24.43,24.43,24.43,24.43,0,21.823685
"1206",24.43,24.43,24.43,24.43,0,21.823685
"1207",24.43,24.43,24.43,24.43,0,21.823685
"1208",24.43,24.43,24.43,24.43,0,21.823685
"1209",24.43,24.43,24.43,24.43,0,21.823685
"1210",24.43,24.43,24.43,24.43,0,21.823685
"1211",24.43,24.43,24.43,24.43,0,21.823685
"1212",24.43,24.43,24.43,24.43,0,21.823685
