"","000063.SZ.Open","000063.SZ.High","000063.SZ.Low","000063.SZ.Close","000063.SZ.Volume","000063.SZ.Adjusted"
"1",15.8738,15.9433,15.4919,15.7407,38024605,14.781545
"2",15.706,15.735,15.3357,15.3993,46982373,14.460948
"3",15.3935,15.6597,15.3646,15.4282,19262837,14.488086
"4",15.4514,15.6829,15.2373,15.5382,24319001,14.591384
"5",15.5382,15.9664,15.4745,15.625,47240745,14.672894
"6",15.5961,16.192101,15.5208,15.7407,46309933,14.781545
"7",15.7986,15.8333,15.4051,15.6424,19318332,14.689235
"8",15.6887,15.7292,15.4225,15.4861,12917303,14.542459
"9",15.4977,15.5613,15.1042,15.2025,20523561,14.276139
"10",15.1505,15.1505,14.294,14.3982,31224257,13.520849
"11",14.4097,14.5718,14.1782,14.3287,18099119,13.455584
"12",14.3518,14.5255,14.1782,14.4734,21829632,13.591468
"13",14.5197,14.5544,13.831,13.86,24001955,13.015444
"14",13.8773,13.9873,13.5706,13.7095,28041875,12.874115
"15",13.7847,14.3982,13.7616,14.1204,32044849,13.259977
"16",14.1782,14.2072,13.831,13.8484,20867380,13.004551
"17",14.0046,14.265,13.8831,14.1204,11645949,13.259977
"18",14.0451,14.7222,13.8889,14.6123,31234810,13.721903
"19",14.8322,15.0174,14.7222,14.7975,29571245,13.895818
"20",14.7859,15.4514,14.5255,15.2662,29043770,14.335958
"21",15.3819,15.3819,14.9768,15.0637,14207676,14.145798
"22",15.0232,15.8854,14.9768,15.6829,46570440,14.727267
"23",15.6539,16.082199,15.6018,15.9143,46421421,14.944566
"24",15.9433,16.3657,15.9433,16.1227,44692515,15.140266
"25",16.1227,16.7824,16.1227,16.6551,55194133,15.640225
"26",16.695601,16.822901,16.388901,16.4062,54054727,15.406492
"27",16.5509,16.822901,16.412001,16.799801,47761725,15.776109
"28",17.1875,17.934,16.6782,16.7824,64198793,15.759769
"29",16.7882,16.9676,16.1863,16.5278,37475193,15.520681
"30",16.394699,18.182899,16.2731,18.182899,95468905,17.07493
"31",18.4606,18.8426,17.881901,18.1134,119375716,17.009663
"32",17.9398,18.692101,17.667801,18.506901,59324075,17.379187
"33",18.287001,18.287001,17.5868,17.9224,39233378,16.830303
"34",17.766199,18.1887,17.5984,17.771999,31702045,16.689068
"35",17.8241,18.8657,17.8241,18.692101,56244739,17.553101
"36",18.674801,18.7384,17.986099,18.3218,41755031,17.205362
"37",18.2176,18.2176,17.638901,18.084499,40113405,16.982523
"38",17.9977,18.4491,17.5058,17.8241,34603934,16.737991
"39",17.8067,18.1019,17.4711,18.0093,35791765,16.911907
"40",18.171301,18.316,17.6157,18.0208,50139670,16.922707
"41",17.9977,18.055599,17.5637,17.881901,43960852,16.792271
"42",17.934,18.6343,17.737301,18.518499,56439476,17.390079
"43",18.4317,18.807899,18.258101,18.396999,36063099,17.275982
"44",18.287001,18.587999,17.9282,18.3391,37143362,17.221611
"45",18.4086,19.357599,18.200199,19.357599,48616592,18.178049
"46",19.114599,19.2188,18.4028,18.7558,51648332,17.612919
"47",18.7789,19.6238,18.4028,19.548599,49942855,18.357409
"48",19.1724,19.768499,18.576401,18.576401,46219461,17.444452
"49",22.6042,22.756901,21.875,21.944401,40409054,20.607224
"50",21.944401,22.2083,21.0972,21.326401,28286948,20.026882
"51",21.3958,21.75,21.111099,21.5972,23316440,20.281179
"52",21.618099,21.944401,21.5625,21.743099,17578329,20.418188
"53",21.875,22.1458,21.5278,21.881901,15223566,20.548532
"54",21.930599,21.944401,21.4583,21.701401,24664906,20.37903
"55",21.694401,21.694401,21.0417,21.0417,28206395,19.759529
"56",21.0417,21.201401,20.243099,20.5208,34511010,19.270369
"57",20.694401,20.736099,20.180599,20.5625,22080095,19.309528
"58",20.6875,21.048599,20.4653,20.8333,16917139,19.563829
"59",20.8472,20.986099,20.493099,20.826401,13013165,19.55735
"60",20.2778,20.4722,19.5903,20.3125,46610204,19.074764
"61",20.298599,20.298599,19.861099,20.201401,20977226,18.970436
"62",20.1875,20.6042,20.125,20.5278,26124116,19.276943
"63",20.5903,20.7847,19.8125,19.923599,27736906,18.709558
"64",19.930599,20.180599,19.6458,19.736099,24168306,18.533484
"65",19.763901,20.4792,19.7083,20.4583,24465321,19.211679
"66",20.5278,20.555599,20.0347,20.138901,14301829,18.911741
"67",20.055599,20.2917,19.9167,20.069401,14061702,18.846476
"68",20.006901,20.2778,19.986099,20.125,10837241,18.898691
"69",19.986099,19.986099,19.638901,19.7153,18589686,18.513952
"70",19.736099,20.388901,19.736099,20.243099,21755364,19.009592
"71",20.25,20.861099,20.25,20.388901,23358393,19.146509
"72",20.430599,20.6597,19.8958,19.993099,18393808,18.774824
"73",20.0417,20.388901,19.7083,19.930599,17429841,18.716133
"74",19.9792,20.138901,19.638901,19.7778,13040006,18.572643
"75",19.861099,20.111099,19.6597,19.826401,13012425,18.618284
"76",19.8472,19.9653,18.75,18.888901,23269946,17.737913
"77",18.756901,19.513901,18.4028,19.1528,20561446,17.985731
"78",19.131901,19.375,18.993099,19.1528,10372317,17.985731
"79",19.1597,19.1597,18.173599,18.236099,32456710,17.124886
"80",18.236099,18.5972,18.173599,18.2083,17508872,17.09878
"81",18.180599,18.6875,18.125,18.625,16264077,17.490088
"82",18.6458,18.993099,18.6458,18.8333,9337576,17.685698
"83",18.8542,19.201401,18.8542,19.0972,10007649,17.933517
"84",19.1528,19.1667,18.694401,19.0347,8901592,17.874826
"85",18.9028,18.9028,18.388901,18.4583,12938617,17.333546
"86",18.4583,18.6667,18.055599,18.3333,17067354,17.216166
"87",18.3403,18.6667,18.236099,18.319401,10828610,17.203114
"88",18.4028,18.6667,18.319401,18.6458,8781679,17.509621
"89",18.6597,19.0278,18.6597,18.944401,14701494,17.790028
"90",18.9583,19.118099,18.576401,18.75,11733836,17.607473
"91",18.75,18.8125,17.9722,18.111099,19216979,17.007504
"92",18.055599,18.2778,17.638901,18.2708,11309233,17.157471
"93",18.076401,18.25,17.701401,17.7153,10667740,16.63582
"94",17.9167,18.055599,17.638901,17.7083,8172246,16.629251
"95",17.7847,18.048599,17.680599,17.7708,9566253,16.687939
"96",17.8333,18.0278,17.638901,17.875,9841221,16.785791
"97",17.923599,18.118099,17.694401,18.048599,11003484,16.948812
"98",18.048599,18.2083,17.881901,18.131901,9753916,17.027037
"99",17.9722,18.0417,17.5347,17.6528,13535487,16.577127
"100",17.638901,18.4028,17.5833,18.25,16100340,17.137939
"101",18.263901,18.819401,18.263901,18.6042,15080679,17.470558
"102",18.611099,18.736099,18.125,18.4028,13565964,17.281429
"103",18.2847,18.694401,18.1667,18.243099,10969822,17.131458
"104",18.2153,18.506901,17.986099,18.194401,11651937,17.085728
"105",18.076401,18.076401,17.625,17.8472,15734510,16.759686
"106",17.8472,18.631901,17.743099,18.5417,19890118,17.411867
"107",18.4722,18.7847,18.4167,18.513901,13234846,17.385759
"108",18.423599,18.444401,18.0417,18.173599,8346721,17.066195
"109",18.055599,18.388901,17.9653,18.180599,6443234,17.072771
"110",18.173599,18.319401,17.638901,17.638901,12356772,16.564077
"111",17.743099,18.0625,17.6597,17.9792,9490932,16.88364
"112",17.993099,18.048599,17.701401,17.798599,8371132,16.714046
"113",17.798599,18.638901,17.7083,18.4097,12970408,17.28791
"114",18.388901,19.201401,18.2778,18.7083,39650230,17.568314
"115",18.680599,19.2083,18.611099,18.805599,29576642,17.659683
"116",19.236099,19.444401,19.0417,19.111099,24342411,17.946569
"117",19.1667,19.569401,19.0833,19.243099,22266445,18.070524
"118",19.1875,19.6528,19.0833,19.638901,25425338,18.442209
"119",19.6875,19.7917,19.513901,19.6458,14542608,18.448689
"120",19.7778,20.138901,19.7778,19.9028,20459953,18.690027
"121",19.9097,20.0625,19.4167,19.5208,21136998,18.331305
"122",19.548599,19.819401,19.2917,19.7708,26300359,18.566071
"123",19.5833,19.6667,19.258301,19.450001,22206248,18.498734
"124",19.575001,19.6833,19.4167,19.575001,12394028,18.61762
"125",19.516701,19.525,19.2833,19.4,15453583,18.45118
"126",19.3167,19.3167,18.9583,18.991699,20510694,18.062847
"127",19,19.4583,18.9583,19.366699,16282156,18.419506
"128",19.4667,19.525,19.0417,19.200001,17177483,18.260962
"129",19.2083,19.7083,19.200001,19.6917,26164196,18.728611
"130",19.891701,20.049999,19.7083,19.883301,22481281,18.910841
"131",19.775,19.883301,19.516701,19.5583,12896413,18.601736
"132",19.5917,19.6833,19.0667,19.200001,22716763,18.260962
"133",18.9583,19.1667,18.625,18.6667,32275786,17.753744
"134",18.766701,18.85,18.491699,18.516701,20770402,17.611078
"135",18.516701,18.633301,17.858299,17.9583,27292249,17.079988
"136",17.9583,18.2083,17.8333,18.025,16051603,17.143427
"137",18,18.5,17.8167,18.266701,34458888,17.373308
"138",17.983299,18.4167,17.975,18.3167,11981382,17.420862
"139",18.3167,18.424999,17.983299,18.016701,10616821,17.135536
"140",18.0833,18.2833,18.025,18.1917,6666727,17.301975
"141",18.0917,18.174999,17.7833,18.141701,15131683,17.254421
"142",17.983299,18.016701,17.7167,17.875,18532440,17.000765
"143",17.924999,17.991699,17.7083,17.733299,14020188,16.865993
"144",17.25,17.375,16.825001,16.891701,28899173,16.065554
"145",16.7083,16.7167,15.7667,16.391701,31393024,15.590011
"146",15.9167,16.358299,15.8083,16.1833,32608399,15.391802
"147",16.6583,16.733299,15.9917,16.008301,33781549,15.225362
"148",15.5833,15.5833,14.4083,14.9667,130612258,14.234704
"149",14.9833,15.1833,14.6917,15.075,42930019,14.337708
"150",15.125,15.5417,15.075,15.2833,34931510,14.53582
"151",15.375,15.5667,15.0833,15.2167,31580683,14.472476
"152",15.2167,15.4583,15.125,15.2833,21550546,14.53582
"153",15.4,15.4083,15.025,15.025,14988712,14.290153
"154",14.75,14.9917,14.5917,14.7583,26132882,14.036497
"155",14.9167,15.0833,14.6667,14.725,18213888,14.004827
"156",14.8167,14.9167,14.7333,14.875,11947471,14.147489
"157",14.925,15.275,14.9167,15.0833,23289388,14.345601
"158",15.1667,15.5833,15.0333,15.525,28535660,14.765697
"159",15.5,15.8833,15.2917,15.775,24338449,15.003469
"160",15.5667,15.75,15.5,15.6167,14900508,14.852915
"161",15.7333,15.9167,15.3333,15.3583,16752100,14.607153
"162",15.15,15.75,15.15,15.5417,17985791,14.781582
"163",15.5833,16.200001,15.5833,16.075001,31882319,15.288799
"164",16.0417,16.0417,15.5833,15.625,16253651,14.860807
"165",15.5,15.5,14.9583,14.9833,14606686,14.250493
"166",14.8167,14.9667,14.5,14.5833,17544469,13.870055
"167",14.6917,15.15,14.5333,14.85,23693113,14.123713
"168",14.9333,15.125,14.8417,14.8583,12915146,14.131605
"169",14.975,15.1083,14.5667,14.7083,14453744,13.988941
"170",14.5417,14.8333,14.4333,14.8333,9344976,14.107827
"171",14.85,15.1167,14.5833,14.925,13014672,14.195044
"172",15.025,15.2833,14.9333,15.225,20573198,14.480371
"173",15.25,15.675,15.2417,15.5333,24922982,14.773594
"174",15.475,15.675,15.2083,15.4417,19428126,14.686472
"175",15.4,15.5667,15.1333,15.3333,9123965,14.583374
"176",15.3417,16.116699,15.3333,15.9583,37000769,15.177807
"177",15.7583,16.3167,15.6,15.6,30947566,14.83703
"178",15.4583,15.7,14.9667,15.375,20625256,14.623034
"179",15.375,15.825,15.3,15.4917,25043605,14.734027
"180",15.625,16.133301,15.5,16.0417,24681677,15.257128
"181",16.0833,16.5417,16.008301,16.1667,38426632,15.376015
"182",16.125,16.125,15.625,15.7917,26497927,15.019356
"183",15.75,16.0417,15.5417,15.75,19111508,14.979694
"184",15.7417,15.8167,15.25,15.25,15198156,14.504148
"185",15.6667,15.7333,13.7917,14.2083,61503902,13.513396
"186",14.0833,14.4917,13.8167,14.425,32967464,13.719498
"187",14.4,14.6833,14.1917,14.475,28350985,13.767053
"188",14.4,14.575,14.1667,14.35,18471438,13.648167
"189",14.35,14.675,14.35,14.525,20475194,13.814607
"190",14.425,14.6917,13.9,13.975,29619055,13.291506
"191",14.05,14.1417,13.3167,13.5,46922203,12.839738
"192",13.5,13.5583,12.8833,13.2417,32115022,12.59407
"193",13.2417,13.6,13.2333,13.325,24583980,12.673297
"194",13.4167,13.75,13.225,13.6583,15003409,12.990295
"195",13.7333,14.2333,13.6667,14.125,23944374,13.43417
"196",14.0833,14.8083,13.9667,14.5,32447466,13.79083
"197",14.5,14.6917,14.375,14.5417,16548376,13.83049
"198",14.625,15.0417,14.625,14.8583,32275105,14.131605
"199",14.8667,15.05,14.7083,14.8417,18095327,14.115818
"200",14.6583,15.2333,14.625,15.0333,16799825,14.298046
"201",14.775,15.6333,14.7083,15.6083,29094530,14.844924
"202",15.7667,16.2083,15.5833,15.6,36506604,14.83703
"203",15.8,16.0833,15.675,15.8917,23968362,15.114464
"204",15.7333,16.1833,15.7,15.95,20075888,15.169912
"205",15.9833,16.125,15.2333,15.2917,24241873,14.543809
"206",15.35,15.6417,15.025,15.35,21079733,14.599257
"207",15.1667,15.425,15.0917,15.2,13483063,14.456594
"208",15.2917,15.3333,15.0583,15.1333,9467311,14.393155
"209",15.3083,15.6833,15.275,15.5417,15645078,14.781582
"210",15.5917,15.9667,15.5,15.85,19510548,15.074804
"211",15.8583,16.0833,15.425,15.5667,24689144,14.805359
"212",15.5833,15.9833,15.5833,15.7833,22470679,15.011366
"213",15.6667,15.875,15.2083,15.4167,21342388,14.662696
"214",15.4333,15.6167,15.3167,15.5,12234782,14.741921
"215",15.3333,15.5,15.125,15.5,14080286,14.741921
"216",15.5833,15.6833,15.35,15.5083,12790127,14.749815
"217",15.4,15.5417,15.125,15.5417,13572694,14.781582
"218",15.4583,15.6333,15.2917,15.375,8183182,14.623034
"219",15.4583,15.5833,15.125,15.1667,13821370,14.424922
"220",15.3583,15.3667,14.9167,15.125,17420534,14.385262
"221",15.075,15.15,14.3333,14.475,25850246,13.767053
"222",14.8167,15.0167,14.6,14.65,21576866,13.933493
"223",14.7083,14.7833,14.4,14.4667,14334013,13.759158
"224",14.4417,14.5333,14.1167,14.1667,15541982,13.473831
"225",14.1667,14.3583,14.125,14.2917,7020499,13.592717
"226",14.3417,14.825,14.3417,14.7417,13273487,14.020708
"227",14.75,15.1583,14.5833,14.9917,15285328,14.258481
"228",14.8333,15.0833,14.575,14.7917,10606300,14.068262
"229",14.7083,14.9167,14.5,14.7917,8317817,14.068262
"230",14.6917,14.8333,14.3167,14.4083,11089414,13.703615
"231",14.3333,14.75,14.3,14.3333,8369562,13.632282
"232",14.3167,14.4167,13.8333,13.8583,12520564,13.180513
"233",13.8583,14.2167,13.8583,14.2083,9541469,13.513396
"234",14.1667,14.6417,13.925,14.5417,15298531,13.83049
"235",14.525,14.75,14.4167,14.5917,9448628,13.878045
"236",14.6917,14.9333,14.5333,14.6167,10214431,13.901821
"237",14.4583,14.6917,14.25,14.5417,12951756,13.83049
"238",14.6,14.8083,14.425,14.625,10980768,13.909716
"239",14.7917,14.825,14.525,14.5667,8559358,13.854267
"240",14.5417,14.6333,14.0417,14.0833,9693671,13.394508
"241",14.0583,14.1333,13.4,13.9583,13419101,13.275623
"242",13.7917,14.125,13.7833,14.0333,7832761,13.346955
"243",14.05,14.225,13.7333,14.0833,14474486,13.394508
"244",14.1667,14.4083,13.9667,14,11870946,13.315284
"245",13.9417,14.3333,13.8333,13.9167,12236065,13.236057
"246",14.0083,14.075,13.3083,13.5583,15220242,12.895185
"247",13.6583,13.9583,13.4,13.925,14324636,13.243953
"248",13.9333,14.5833,13.8,14.5417,24094751,13.83049
"249",14.5333,14.8417,14.4583,14.55,17856750,13.838385
"250",14.425,14.725,14.425,14.6583,12091454,13.941387
"251",14.6417,14.7917,14.0917,14.1667,18821146,13.473831
"252",14.025,14.2167,13.7917,13.875,13498496,13.196397
"253",13.8833,14.5833,13.7583,14.4583,14005056,13.751167
"254",14.45,14.5667,13.8333,13.9167,18051665,13.236057
"255",13.9417,14.125,12.525,12.525,62030065,11.912423
"256",12.7917,13,11.7917,12.7917,88409276,12.166079
"257",12.7,12.7,12.1667,12.375,29479218,11.76976
"258",12.3833,12.4583,12.225,12.3333,19283383,11.7301
"259",12.3333,12.5333,12.2333,12.3,20668380,11.698427
"260",12.35,12.5833,12.3083,12.5667,20475200,11.952084
"261",12.5667,12.75,12.3583,12.7083,27413114,12.086757
"262",12.7167,13.1833,12.7083,12.9583,38284414,12.324531
"263",12.9667,12.9667,12.7083,12.75,15282246,12.126418
"264",12.7083,13.0833,12.625,13.0667,22272596,12.427629
"265",13.0333,13.1167,12.775,12.8333,33441390,12.205645
"266",12.8417,13.0417,12.8167,13.0083,23080669,12.372086
"267",12.9,13.1167,12.85,12.9583,20013700,12.324531
"268",13,13.025,12.6667,12.7833,20687766,12.158091
"269",13.0167,13.5667,12.8333,13.55,59670096,12.887293
"270",13.4167,13.9583,13.3417,13.8167,53407201,13.140949
"271",13.8333,13.975,13.575,13.7417,20382654,13.069616
"272",13.875,13.975,13.6583,13.6917,30517780,13.022062
"273",13.7667,13.9417,13.5333,13.8417,23615309,13.164725
"274",13.8417,14.4167,13.7833,14.3583,43230031,13.656059
"275",14.3333,14.5417,14.2417,14.4083,25982862,13.703615
"276",14.425,14.5167,14.325,14.4,19917679,13.695719
"277",14.4167,14.8833,14.4167,14.5583,30439106,13.846278
"278",14.5417,14.65,14.125,14.325,22326182,13.624388
"279",14.275,14.5167,14.2333,14.2917,17375939,13.592717
"280",14.2333,14.3583,14.175,14.25,10707378,13.553057
"281",14.2667,14.55,14.2667,14.5167,17045656,13.806712
"282",14.5167,14.55,14.2583,14.325,19685671,13.624388
"283",14.3,14.45,14.0833,14.1583,19262719,13.465842
"284",14,14.2667,13.9333,14.1083,17485000,13.418286
"285",14.1667,14.3667,13.8833,14.0583,28149894,13.370732
"286",14.0917,14.425,14.0917,14.375,21878998,13.671944
"287",14.4417,14.9083,14.4417,14.8333,34862363,14.107827
"288",14.8167,15.0833,14.7583,14.9417,24330908,14.210927
"289",14.9917,15.2333,14.1417,14.2583,34353342,13.56095
"290",14.2583,14.775,14.25,14.6333,31721728,13.91761
"291",14.7083,14.8583,14.2333,14.7083,23116991,13.988941
"292",14.6333,15.175,14.5,15.125,36595630,14.385262
"293",15.025,15.1083,14.6667,14.6833,21763111,13.965164
"294",14.8,14.8833,14.4167,14.6083,21902888,13.893833
"295",14.6083,14.6083,14.1333,14.2583,21056780,13.56095
"296",14.1667,14.2083,13.875,13.9167,18195056,13.236057
"297",13.9167,14,13.5,13.6667,22420624,12.998285
"298",13.6917,13.85,13.625,13.7833,13807442,13.109183
"299",13.6667,13.8167,13.35,13.4,15126533,12.744628
"300",13.2333,13.7917,12.9583,13.4,32171783,12.744628
"301",13.55,13.8167,13.4667,13.6917,15233962,13.022062
"302",13.7917,14.2,13.75,14,24049078,13.315284
"303",14,14.0667,13.7083,13.8333,16432723,13.156736
"304",13.75,13.8417,13.525,13.5417,9561426,12.879398
"305",13.55,13.6667,13.2417,13.6167,10168361,12.95073
"306",13.6167,13.6167,13.6167,13.6167,0,12.95073
"307",13.625,13.6333,13.3333,13.6167,31066038,12.95073
"308",13.6333,13.875,13.5833,13.825,30558931,13.148843
"309",13.7083,13.8167,13.4833,13.5667,15040286,12.903175
"310",13.5667,13.6167,13.3333,13.4167,13792110,12.760511
"311",13.525,13.7083,13.425,13.6583,17453491,12.990295
"312",13.775,14.2083,13.775,14.0167,38922493,13.331166
"313",13.95,14.4333,13.9167,14.35,29792300,13.648167
"314",14.3,14.5583,14.1667,14.4167,19873268,13.711605
"315",14.2833,14.75,14.225,14.6917,24751027,13.973154
"316",14.6917,14.7333,14.4167,14.675,14305402,13.957271
"317",14.5833,14.625,14.2417,14.325,24229524,13.624388
"318",14.175,14.2167,13.75,14.0167,25118836,13.331166
"319",14.1333,14.35,14.0917,14.1083,17001598,13.418286
"320",14.1167,14.35,14.075,14.1667,16575565,13.473831
"321",14.1667,14.5417,14.0833,14.5333,23009551,13.822501
"322",14.3583,14.6083,14.3583,14.5833,24021689,13.870055
"323",14.5833,14.5833,14.275,14.5,19990212,13.79083
"324",14.3417,14.3917,14.1,14.1667,13135840,13.473831
"325",14.25,14.3333,13.9917,14.0417,16608666,13.354945
"326",14.0583,14.0917,13.775,13.7833,14553414,13.109183
"327",13.9667,14.05,13.6333,13.6833,15046920,13.014072
"328",13.6333,14.125,13.5417,14.1,23745559,13.410394
"329",13.9917,14.025,13.6917,13.725,12839233,13.053734
"330",13.75,13.8917,13.7083,13.85,9256062,13.17262
"331",13.8,13.8,13.2833,13.325,23942833,12.673297
"332",13.3583,13.4833,12.8833,12.9917,25234832,12.356297
"333",13.05,13.1417,12.7917,13.075,26237586,12.435524
"334",13.0833,13.15,12.925,13.025,14178271,12.387968
"335",13.025,13.0917,12.8333,12.9,13183754,12.269083
"336",12.9,12.9,12.9,12.9,0,12.269083
"337",12.6833,12.8083,12.4167,12.6583,32037187,12.039205
"338",12.6583,13.05,12.6333,13.0083,28922478,12.372086
"339",13,13,12.6833,12.75,31892322,12.126418
"340",12.8,12.8,12.4833,12.725,28350293,12.102643
"341",12.725,12.85,12.625,12.7417,23021130,12.118525
"342",12.5583,12.5833,12.3083,12.325,26532361,11.722204
"343",12.3333,12.4583,12.1,12.125,19124568,11.531986
"344",12.1667,12.25,11.9,11.9167,24168166,11.333875
"345",12.0917,12.175,11.9167,11.9417,21714618,11.357652
"346",12.05,12.1333,11.9417,11.975,17394120,11.389323
"347",12.0833,12.4,11.9833,12.3083,23420934,11.706323
"348",12.2083,12.2417,11.9,11.925,25341269,11.341768
"349",11.9667,12.1583,11.825,12.125,20596361,11.531986
"350",12.125,12.3417,12.075,12.3083,29429394,11.706323
"351",12.325,12.4,12.05,12.2417,31601329,11.64298
"352",12.275,12.625,12.275,12.4583,28570088,11.848985
"353",12.4583,12.5417,12.3917,12.4083,13315939,11.801432
"354",12.475,12.75,12.475,12.5583,20253578,11.944095
"355",12.5417,12.5917,12.3333,12.4667,15194452,11.856975
"356",12.4583,12.4583,12.0417,12.0417,15200719,11.452761
"357",12.0167,12.2417,11.9,12.175,16137355,11.579542
"358",12.1667,12.275,11.9917,12.0417,13715761,11.452761
"359",12.1083,12.2917,11.9167,11.9667,12944723,11.381429
"360",11.9667,12.0333,11.5667,11.6333,42496152,11.064335
"361",11.725,11.7417,11.6,11.65,16094866,11.080218
"362",11.6917,11.7667,11.575,11.6667,20180712,11.096101
"363",11.6833,12.0667,11.6833,11.8417,30142336,11.262542
"364",11.7917,11.8,11.4833,11.6833,16209912,11.11189
"365",11.7583,11.925,11.525,11.8583,17118054,11.278331
"366",11.8,11.8833,11.4917,11.5083,18335164,10.945448
"367",11.5,11.5083,10.5667,10.875,40032791,10.343122
"368",10.8333,10.9667,10.7917,10.8583,17304214,10.327239
"369",10.875,11.175,10.875,11.1083,26039406,10.565013
"370",11.1083,11.2417,10.825,10.85,19694287,10.319345
"371",10.0167,10.1667,9.76667,9.76667,42457658,9.288999
"372",9.16667,9.49167,9.125,9.49167,75132463,9.027448
"373",9.3,9.3,9.125,9.21667,36444643,8.954581
"374",9.225,9.43333,9.225,9.35,29384647,9.084121
"375",9.33333,9.51667,9.29167,9.4,27044056,9.132698
"376",9.41667,9.63333,9.41667,9.53333,25131326,9.262237
"377",9.54167,9.65,9.44167,9.55,12775226,9.278433
"378",9.55,9.55833,9.36667,9.38333,13371238,9.116503
"379",9.40833,9.55,9.40833,9.45,14308859,9.181276
"380",9.45833,9.65,9.41667,9.56667,13207315,9.294629
"381",9.58333,9.64167,9.45833,9.49167,8375356,9.221761
"382",9.5,9.56667,9.375,9.50833,12601219,9.237948
"383",9.46667,9.60833,9.46667,9.54167,12243118,9.27034
"384",9.54167,9.54167,9.3,9.375,10692464,9.108409
"385",9.41667,9.48333,9.25833,9.39167,12260927,9.124604
"386",9.375,9.44167,9.25833,9.40833,22188154,9.140791
"387",9.43333,9.65,9.31667,9.625,30045071,9.351299
"388",9.61667,9.71667,9.54167,9.56667,23780605,9.294629
"389",9.54167,9.875,9.51667,9.80833,22308379,9.529417
"390",9.79167,9.79167,9.60833,9.625,17013512,9.351299
"391",9.56667,9.625,9.41667,9.425,15110432,9.156987
"392",9.34167,9.6,9.34167,9.575,11887090,9.302722
"393",9.53333,9.6,9.45833,9.45833,12273258,9.189369
"394",9.45833,9.58333,9.375,9.5,12003071,9.229855
"395",9.45833,9.55833,9.19167,9.30833,17116728,9.043634
"396",9.24167,9.275,9.08333,9.25,11128706,8.986963
"397",9.20833,9.40833,9.2,9.38333,10917598,9.116503
"398",9.375,9.40833,9.20833,9.33333,12576392,9.067924
"399",9.28333,9.375,9.20833,9.35,15629228,9.084121
"400",9.29167,9.34167,9.06667,9.08333,14374068,8.825034
"401",9.05833,9.05833,8.28333,8.34167,28621446,8.104464
"402",8.31667,8.33333,7.81667,8.15,30148667,7.918243
"403",8.08333,8.11667,7.95833,8.03333,12525510,7.804891
"404",8,8.45833,7.91667,8.30833,20605280,8.072071
"405",8.35833,8.4,8.225,8.26667,19165961,8.031596
"406",8.21667,8.28333,8.1,8.20833,17011078,7.974915
"407",8.15833,8.2,7.98333,7.99167,14227967,7.764416
"408",8.04167,8.08333,7.91667,8.05,12103277,7.821087
"409",8,8.26667,8,8.25,14504008,8.0154
"410",8.3,8.76667,8.3,8.58333,35825046,8.339252
"411",8.59167,8.875,8.59167,8.73333,26534027,8.484984
"412",8.73333,8.75833,8.58333,8.75,15045960,8.501182
"413",8.75,8.94167,8.70833,8.80833,21909245,8.557853
"414",8.83333,9.21667,8.8,8.96667,28706634,8.71169
"415",9.08333,9.15833,8.825,8.98333,19558772,8.727877
"416",9,9.01667,8.59167,8.59167,17085661,8.347354
"417",8.54167,8.54167,8.30833,8.40833,12586415,8.169228
"418",8.43333,8.69167,8.43333,8.55833,14329057,8.314961
"419",8.54167,8.79167,8.35,8.39167,21684464,8.153042
"420",8.41667,8.61667,8.40833,8.5,13737396,8.258291
"421",8.5,8.875,8.375,8.86667,24206293,8.614533
"422",8.88333,8.89167,8.66667,8.73333,14447695,8.484984
"423",8.73333,8.775,8.53333,8.59167,10619174,8.347354
"424",8.59167,8.94167,8.55833,8.81667,20577313,8.565957
"425",8.78333,9.33333,8.75833,9.3,38307845,9.035542
"426",9.45833,9.875,9.39167,9.54167,43967830,9.27034
"427",9.45833,9.61667,9.29167,9.5,30028310,9.229855
"428",9.44167,9.56667,9.35,9.50833,35034589,9.237948
"429",9.475,9.48333,9.15833,9.225,26449948,8.962675
"430",9.18333,9.28333,8.66667,8.75,42597228,8.501182
"431",7.875,7.875,7.875,7.875,10497480,7.651064
"432",7.31667,7.58333,7.19167,7.54167,110497218,7.327212
"433",7.41667,7.6,7.34167,7.55,42184441,7.335306
"434",7.54167,7.70833,7.45,7.65833,38005032,7.440555
"435",7.65,7.65,7.50833,7.55,24722292,7.335306
"436",7.5,7.56667,7.43333,7.53333,16921936,7.319109
"437",7.53333,7.6,7.48333,7.5,17251537,7.286727
"438",7.46667,7.54167,7.39167,7.525,22451454,7.311016
"439",7.48333,7.55,7.45833,7.45833,13497788,7.246243
"440",7.45833,7.5,7.24167,7.30833,18567534,7.100508
"441",7.25833,7.375,7.25833,7.375,12983284,7.165282
"442",7.41667,7.43333,7.225,7.25833,16927393,7.051929
"443",7.24167,7.25,6.84167,6.9,40540645,6.703789
"444",6.90833,7.125,6.85,7.05,26122963,6.849524
"445",7.05,7.14167,7.04167,7.05833,17842567,6.857616
"446",7.05,7.19167,7.025,7.15833,18724399,6.954773
"447",7.14167,7.15,7,7.10833,14919500,6.906195
"448",7.125,7.16667,7.04167,7.13333,8637538,6.930484
"449",7.075,7.1,7,7.00833,9561352,6.809038
"450",7,7.09167,6.98333,7.08333,11185645,6.881906
"451",7.09167,7.23333,7.08333,7.20833,15274363,7.003351
"452",7.2,7.2,7.00833,7.025,9634387,6.825234
"453",7.03333,7.10833,6.95833,7.08333,10393981,6.881906
"454",7.05833,7.05833,6.86667,6.875,11087122,6.6795
"455",6.88333,6.88333,6.58333,6.65833,22057868,6.468992
"456",6.69167,6.725,6.61667,6.69167,8746994,6.501383
"457",6.725,6.78333,6.69167,6.7,7396260,6.509476
"458",6.71667,6.79167,6.66667,6.775,8400997,6.582344
"459",6.76667,6.775,6.68333,6.7,7084380,6.509476
"460",6.725,6.80833,6.69167,6.75833,8791861,6.566147
"461",6.76667,6.775,6.66667,6.68333,8659376,6.49328
"462",6.675,6.69167,6.48333,6.48333,10962734,6.298967
"463",6.48333,6.53333,6.46667,6.5,9007043,6.315164
"464",6.5,6.55,6.48333,6.51667,7622605,6.33136
"465",6.51667,6.55833,6.43333,6.45833,0,6.274679
"466",6.46667,6.5,6.33333,6.36667,7957781,6.185625
"467",6.36667,6.53333,6.35,6.5,10545161,6.315164
"468",6.56667,6.91667,6.50833,6.78333,20524374,6.590436
"469",6.84167,6.98333,6.79167,6.81667,13365217,6.622828
"470",6.79167,7.01667,6.75833,6.98333,21188639,6.78475
"471",6.98333,7.10833,6.96667,7.01667,25715930,6.817142
"472",7.00833,7.00833,6.875,6.925,15325916,6.728078
"473",6.90833,6.96667,6.83333,6.875,10315478,6.6795
"474",6.875,6.90833,6.79167,6.825,15761276,6.630922
"475",6.84167,7.19167,6.81667,7.16667,34226330,6.962876
"476",7.19167,7.31667,7.13333,7.30833,29697182,7.100508
"477",7.28333,7.41667,7.16667,7.19167,21076100,6.987165
"478",7.2,7.23333,7.10833,7.18333,19355471,6.979062
"479",7.19167,7.275,7.14167,7.275,15231182,7.068126
"480",7.31667,7.375,7.175,7.19167,21177917,6.987165
"481",7.175,7.225,7.14167,7.15833,12596486,6.954773
"482",7.16667,7.575,7.16667,7.50833,37903942,7.29482
"483",7.5,7.8,7.45,7.7,48524759,7.48104
"484",7.76667,7.875,7.6,7.60833,29161626,7.391976
"485",7.61667,7.875,7.61667,7.80833,30119266,7.58629
"486",7.86667,8.2,7.86667,8.125,40594121,7.893955
"487",8.26667,8.35,8.01667,8.1,38599798,7.869666
"488",8.1,8.21667,7.825,7.91667,71907584,7.691548
"489",7.85833,8.08333,7.59167,7.91667,84895687,7.691548
"490",7.95833,8.66667,7.85,8.53333,104267489,8.290673
"491",8.45833,8.70833,8.375,8.48333,53918436,8.242095
"492",8.48333,8.575,8.06667,8.24167,55308986,8.007306
"493",8.21667,8.65,8.175,8.6,49947757,8.355447
"494",8.58333,8.99167,8.45833,8.83333,67102890,8.582142
"495",8.83333,8.95833,8.51667,8.61667,40369690,8.371643
"496",8.53333,8.58333,8.39167,8.45833,31607602,8.217806
"497",8.41667,8.56667,8.35,8.475,29381375,8.234002
"498",8.21667,9.00833,8.21667,8.61667,85640158,8.371643
"499",8.55,8.8,8.31667,8.59167,59785994,8.347354
"500",8.58333,8.90833,8.525,8.81667,52355569,8.565957
"501",8.83333,8.90833,8.51667,8.525,50973468,8.282579
"502",8.48333,8.61667,8.41667,8.525,23708323,8.282579
"503",8.53333,9,8.525,8.91667,40051475,8.663113
"504",8.975,9.41667,8.975,9,54039295,8.744072
"505",9.04167,9.21667,8.88333,9.16667,22298162,8.906003
"506",9.15,9.23333,9.01667,9.075,24131111,8.816939
"507",9.05833,9.18333,8.90833,9.08333,24562602,8.825034
"508",9.10833,9.125,8.175,8.35,87099115,8.112556
"509",8.30833,8.48333,8.18333,8.425,39533023,8.185424
"510",8.425,8.50833,8.375,8.425,29023465,8.185424
"511",8.425,8.59167,8.375,8.46667,27899458,8.225908
"512",8.46667,9.00833,8.46667,8.85,38483252,8.598339
"513",8.95,9.08333,8.6,9,29239782,8.744072
"514",8.93333,9.09167,8.71667,8.75,27984916,8.501182
"515",8.75833,8.91667,8.75833,8.875,15569030,8.622626
"516",8.91667,9,8.60833,8.8,32409655,8.54976
"517",8.80833,8.95,8.4,8.45833,31800320,8.217806
"518",8.51667,8.56667,8.225,8.26667,31461275,8.031596
"519",8.25,8.25,7.91667,7.93333,40011817,7.707735
"520",7.99167,8.06667,7.79167,7.86667,32553797,7.642971
"521",7.93333,8.19167,7.79167,8.16667,37240309,7.93444
"522",8.16667,8.275,8.1,8.25833,34484566,8.023494
"523",8.15,8.34167,7.84167,7.98333,34418401,7.756313
"524",8,8.29167,8,8.225,24276697,7.991112
"525",8.31667,9.05,8.3,9.05,70706269,8.792652
"526",9.28333,9.66667,9.075,9.34167,137770429,9.076027
"527",9.30833,9.79167,9.24167,9.5,73278667,9.229855
"528",9.49167,9.975,9.29167,9.80833,70935076,9.529417
"529",9.65,9.86667,9.25833,9.49167,60877050,9.221761
"530",9.41667,9.48333,9.175,9.20833,44847032,8.946479
"531",9.18333,9.94167,9.175,9.94167,61808244,9.658966
"532",10,10.45,9.94167,10.0833,93263551,9.796568
"533",10.0917,10.6333,10,10.175,57163290,9.88566
"534",10.125,10.5,10.0083,10.2083,44196985,9.918014
"535",10.1667,10.275,9.94167,10.15,62846472,9.86137
"536",10.1417,10.5667,10.0917,10.35,61394798,10.055683
"537",10.3083,10.3083,9.94167,10.0167,48736656,9.73186
"538",9.94167,9.94167,9.375,9.55,69195370,9.278433
"539",9.5,9.85,9.35833,9.71667,54674315,9.440364
"540",9.625,9.83333,9.525,9.64167,31555877,9.367496
"541",9.58333,9.8,9.20833,9.61667,37802809,9.343206
"542",9.61667,9.9,9.3,9.33333,40129846,9.067924
"543",9.21667,9.625,9.09167,9.45833,34790578,9.189369
"544",9.46667,9.575,9.24167,9.36667,25340252,9.100316
"545",9.40833,9.51667,9.16667,9.25,23044106,8.986963
"546",9.08333,9.45,9.01667,9.4,24309116,9.132698
"547",9.38333,9.75,9.3,9.6,36984760,9.327011
"548",9.5,9.70833,9.375,9.475,22248097,9.205566
"549",9.56667,9.69167,9.44167,9.51667,20028844,9.246051
"550",9.525,9.58333,9.16667,9.16667,24263429,8.906003
"551",9.11667,9.29167,8.8,8.8,25042141,8.54976
"552",8.7,8.93333,8.69167,8.89167,23425224,8.638824
"553",8.94167,8.95833,8.75833,8.89167,18362881,8.638824
"554",8.88333,9,8.81667,8.925,19434491,8.671206
"555",8.91667,9.475,8.9,9.35,34815013,9.084121
"556",9.35833,9.75,9.35833,9.60833,35436932,9.335104
"557",9.60833,9.69167,9.19167,9.225,30906392,8.962675
"558",9.225,9.86667,9.225,9.85833,49125649,9.577994
"559",9.85833,9.89167,9.63333,9.64167,32098481,9.367496
"560",9.59167,9.725,9.41667,9.45,19052635,9.181276
"561",9.54167,10.1917,9.54167,10.1667,56689861,9.877597
"562",10.125,10.3667,10.0583,10.1917,48608896,9.901885
"563",10.25,10.7917,10.1333,10.725,74588132,10.42002
"564",10.8083,11.0583,10.5833,10.6917,54993673,10.387667
"565",10.6667,10.9667,10.6667,10.7667,26125728,10.460534
"566",10.775,11.2,10.7583,11.0667,53362058,10.752004
"567",11.025,11.0667,10.7667,10.8083,31469162,10.500952
"568",10.7833,11.3333,10.7417,11.275,45364241,10.954379
"569",11.1917,11.2333,10.6833,10.7333,40612897,10.428084
"570",10.7333,10.7917,10.3667,10.7333,41681507,10.428084
"571",10.725,11.1083,10.6333,10.9583,44793238,10.646685
"572",11,11.175,10.6667,11.1083,44199076,10.79242
"573",11.1083,11.3,10.9583,11.0333,36563137,10.719554
"574",11.0333,11.0917,10.7583,10.825,47481938,10.517176
"575",10.8917,10.9833,10.5,10.6417,46370386,10.339088
"576",10.525,10.6333,10.3333,10.45,38763292,10.152839
"577",10.4667,10.7917,10.4667,10.7667,38845861,10.460534
"578",10.7333,10.75,10.4417,10.525,38872966,10.225707
"579",10.5833,10.6333,10,10.2833,58631923,9.99088
"580",10.3,10.375,10.125,10.3333,39492683,10.039458
"581",10.3167,10.3167,10.1333,10.1833,37989618,9.893724
"582",10.1833,10.6417,10.175,10.525,66659614,10.225707
"583",10.4583,10.8333,10.4333,10.4583,48910691,10.160904
"584",10.4583,10.4583,10.0583,10.25,30791124,9.958528
"585",10.25,10.575,10.1417,10.5583,31621205,10.25806
"586",10.525,10.65,10.2583,10.425,31352922,10.128551
"587",10.425,10.55,10.05,10.075,33496847,9.788504
"588",9.89167,9.89167,9.23333,9.54167,37240435,9.27034
"589",9.50833,9.78333,9.50833,9.7,29617249,9.424168
"590",9.75,9.975,9.475,9.85833,28012339,9.577994
"591",9.925,10.7333,9.925,10.5167,76416110,10.217643
"592",10.4333,10.5917,10.2167,10.475,40899780,10.17713
"593",10.4167,10.4417,9.88333,9.94167,34384613,9.658966
"594",9.58333,10.0583,9.4,9.925,26789335,9.642769
"595",10.1833,10.4917,9.33333,9.6,60865507,9.327011
"596",9.40833,10.4917,9.00833,10.4,103512204,10.104261
"597",10.4083,10.775,10.2417,10.7583,100696092,10.452374
"598",10.7,10.8917,10.4917,10.6167,68970013,10.314799
"599",10.525,10.8583,10.4333,10.625,54295800,10.322864
"600",10.65,10.8667,10.1,10.6417,70881239,10.339088
"601",10.525,11.2333,10.5,11.175,116355529,10.857223
"602",11.0667,11.5,10.8833,11.4167,94947865,11.092051
"603",11.2417,11.4083,11.0417,11.15,57540092,10.832934
"604",11.2,11.4583,10.8417,10.9167,54217661,10.606269
"605",10.7917,11.2,10.375,10.675,61612301,10.371443
"606",10.675,10.8167,10.5,10.7167,34877922,10.411956
"607",10.6667,11.075,10.5417,11.0083,60222415,10.695264
"608",11.025,11.6,10.9083,11.3833,96195104,11.0596
"609",11.375,11.5417,11.2333,11.4083,60930010,11.08389
"610",11.4083,11.4083,11.4083,11.4083,0,11.08389
"611",11.4083,11.4083,11.4083,11.4083,0,11.08389
"612",11.4083,11.4083,11.4083,11.4083,0,11.08389
"613",11.4083,11.4083,11.4083,11.4083,0,11.08389
"614",11.4083,11.4083,11.4083,11.4083,0,11.08389
"615",11.4083,11.4083,11.4083,11.4083,0,11.08389
"616",12.55,12.55,12.55,12.55,9193729,12.193125
"617",13.3333,13.4583,12.6667,13.1667,181439081,12.792287
"618",13.1667,13.3333,12.9,12.9417,96276691,12.573686
"619",12.9167,13.1833,12.85,12.95,45567156,12.581749
"620",12.9167,12.9333,12.3333,12.4583,55782328,12.104031
"621",12.5083,12.65,11.8333,12.3,53821282,11.950233
"622",12.3917,13.0417,12.3917,12.825,52099663,12.460303
"623",12.75,13.0833,12.75,12.9583,37903145,12.589812
"624",13,13.2417,12.7333,12.7417,38589781,12.379373
"625",12.75,12.9167,12.6667,12.8417,28860282,12.476529
"626",12.775,13.225,12.675,13.025,42361319,12.654615
"627",13.025,13.1167,12.4667,12.4917,46428179,12.136481
"628",12.3333,12.6917,12.3333,12.5167,23270681,12.16077
"629",12.6333,13.1667,12.575,12.8667,47184127,12.500817
"630",12.9083,13.125,12.7917,12.9667,36200106,12.597974
"631",12.9667,13.15,12.8,12.9583,19174164,12.589812
"632",13.0167,13.5667,13,13.3917,62896439,13.010889
"633",13.6083,13.65,13.1,13.2333,39071418,12.856994
"634",13.1833,13.4583,12.7917,12.85,37170082,12.484593
"635",12.875,14.1333,12.875,14.1333,91687860,13.7314
"636",14.1667,14.3417,13.9417,14.2333,61301094,13.828557
"637",14.1417,14.2417,13.9,14.0583,35989428,13.658533
"638",14.375,14.85,14.075,14.1917,61531511,13.788139
"639",14.1833,14.4333,13.5833,13.9083,48010189,13.512799
"640",13.9833,14.7083,13.9833,14.5,49998482,14.087673
"641",14.4583,14.4583,14.1917,14.3333,31079914,13.925714
"642",14.25,14.275,13.9667,14.0167,31028954,13.618115
"643",13.9333,14.425,13.9333,14.1583,28130862,13.75569
"644",14.175,14.2083,13.525,13.6667,37450964,13.278069
"645",13.7083,14.1583,13.7083,14.0167,24267282,13.618115
"646",14.1083,14.2917,13.925,14.1833,22911065,13.779978
"647",14.1833,14.4083,14,14.0083,20936304,13.609955
"648",13.9833,14.3417,13.9,14.2917,29491483,13.885297
"649",14.275,14.45,14.05,14.2417,21911606,13.836718
"650",14.425,14.4583,13.9583,14.1,42317058,13.699048
"651",14.1667,14.2333,13.7333,13.875,40768846,13.480446
"652",13.85,13.8667,12.75,13.125,58673431,12.751772
"653",13.175,13.725,13.0417,13.35,48627430,12.970375
"654",13.4167,13.5417,13.125,13.3833,25050920,13.002728
"655",13.3833,13.6917,13.3167,13.5833,26703452,13.197041
"656",13.5833,13.5833,13.0833,13.2667,24804173,12.889443
"657",13.1667,13.275,12.9917,13.1583,18021048,12.784126
"658",13.1833,14.025,13.1833,13.9333,55871371,13.537087
"659",13.8417,14.125,13.6083,13.9833,38329298,13.585666
"660",14,14.45,13.7667,14.2083,45510320,13.804268
"661",14.1333,14.5,13.8833,14.05,32904454,13.650469
"662",14.1833,14.3833,13.7167,13.775,30767792,13.383289
"663",13.8333,14,13.5333,13.8333,22738676,13.439931
"664",14.0167,15.2167,14,15.075,99095576,14.646321
"665",14.9,15.05,14.6333,14.8417,63579701,14.419656
"666",14.9167,15.15,14.5833,14.9083,46526306,14.484363
"667",14.9917,15.0667,14.6917,14.8167,39018811,14.395367
"668",14.825,14.9667,14.4167,14.6917,38652361,14.273922
"669",14.6917,15.1167,14.4,14.75,47211028,14.330564
"670",14.7417,14.7417,13.9167,14.1583,49079484,13.75569
"671",14.3833,14.5833,14,14.0417,31786405,13.642406
"672",14.0417,14.2667,13.825,14.15,26892842,13.747624
"673",14.2083,14.65,14.2083,14.5417,40143611,14.128187
"674",14.65,14.675,14.1083,14.2917,35281726,13.885297
"675",14.3,14.3833,13.2417,13.3333,67853440,12.954149
"676",13.3333,13.4167,12.75,13.1,45687920,12.727485
"677",13.0833,13.2167,12.5417,12.6833,35974480,12.322634
"678",12.7167,13.0583,12.675,12.8,19770601,12.436015
"679",12.8333,12.9583,11.8833,12.4833,31082000,12.128321
"680",12.4833,12.7083,12.2833,12.5833,23985020,12.225476
"681",12.6083,12.75,12.2833,12.65,24112150,12.290279
"682",12.8583,12.8833,12.4917,12.6667,17475461,12.306506
"683",12.6667,13.375,12.6,13.0833,38240542,12.711258
"684",13.0833,13.4083,12.925,13.2583,26646691,12.881281
"685",13.25,13.4,12.9583,12.9833,26595241,12.614102
"686",13,13.1333,12.8417,12.85,19293064,12.484593
"687",12.8167,12.9167,12.3083,12.3583,27971167,12.006875
"688",12.3583,12.4583,12.125,12.325,15888337,11.974522
"689",12.375,12.6083,12.3667,12.5,16094747,12.144546
"690",12.5,12.5,11.9583,12.075,23174735,11.731631
"691",12.1667,12.3917,11.8833,12.2333,18901654,11.885429
"692",12.225,12.85,12.1833,12.725,35764860,12.363148
"693",12.8333,13.4083,12.6667,13.2333,43285108,12.856994
"694",13.25,13.3167,13.0083,13.1917,26972380,12.816576
"695",13.2917,13.625,13.2333,13.625,47865319,13.237555
"696",13.6583,14.2083,13.4667,13.9417,65004100,13.545248
"697",13.9833,14.1083,13.5583,13.5917,33567355,13.205201
"698",13.5083,13.7917,13.0583,13.1917,40168352,12.816576
"699",13.125,13.4,13.125,13.3333,23407976,12.954149
"700",13.375,13.8333,13.2917,13.775,41754394,13.383289
"701",14.15,14.2333,13.525,13.5583,55191910,13.17275
"702",13.5083,13.725,13.2917,13.5833,41189077,13.197041
"703",13.175,13.6167,13.0667,13.0917,41893999,12.719419
"704",13.075,13.75,12.9833,13.725,47002294,13.334711
"705",13.75,14.1667,13.7083,14.0083,77662057,13.609955
"706",14.0833,14.0833,13.1667,13.175,159370716,12.800351
"707",13.1,13.1,12.6333,12.7,83591834,12.338858
"708",12.6583,12.7917,12.5083,12.6667,42850124,12.306506
"709",12.7083,12.8667,12.6917,12.7333,30221563,12.371211
"710",12.6667,12.6667,12.3333,12.4417,34029109,12.087903
"711",12.4167,12.725,12.3417,12.55,23017294,12.193125
"712",12.5,12.5917,12.3583,12.425,21433972,12.071679
"713",12.4583,12.5,12.025,12.0417,33604108,11.699278
"714",12.0417,12.2417,11.8583,12.0583,25670933,11.715406
"715",12.0417,12.1583,11.975,12,17342554,11.658764
"716",12.1,12.2333,11.9833,12.0667,24478117,11.723566
"717",12.0833,12.1333,11.7083,11.725,24793630,11.391583
"718",11.775,11.8917,11.375,11.4333,30357001,11.108178
"719",11.4333,11.7833,11.4167,11.6167,32721350,11.286364
"720",11.65,11.6917,11.4167,11.6083,28514861,11.278202
"721",11.5833,11.5917,10.8333,10.8583,70870547,10.54953
"722",10.8667,11.0667,10.7583,10.9167,44206385,10.606269
"723",10.9167,11.125,10.9083,11.025,28607970,10.711489
"724",10.9833,11.0333,10.8333,10.8917,29476183,10.58198
"725",10.9167,11.5333,10.8917,11.5,58376921,11.172982
"726",11.475,11.75,11.35,11.725,53501317,11.391583
"727",11.6667,11.6667,11.2917,11.3583,33450206,11.035312
"728",11.2417,11.3167,11.075,11.1417,23579440,10.82487
"729",11.1167,11.35,11.0833,11.175,24486553,10.857223
"730",11.125,11.4917,11.1,11.1833,33531172,10.865288
"731",11.1333,11.3167,10.9,10.9167,32755001,10.606269
"732",10.9167,11.0167,10.2667,10.3833,46461673,10.088037
"733",10.4,10.45,10,10.3833,41205930,10.088037
"734",10.3917,10.4417,10.2,10.3,29586985,10.007106
"735",10.3,10.7333,10.3,10.7083,45217422,10.403794
"736",10.625,10.7667,10.425,10.4917,31688405,10.193354
"737",10.3583,10.3583,10.0833,10.2083,28838876,9.918014
"738",10.4167,10.7417,10.4167,10.65,41763180,10.347152
"739",10.7083,11.0333,10.7083,11.0083,45846142,10.695264
"740",11.05,11.2167,10.9417,11.0333,38049940,10.719554
"741",11.0167,11.375,10.95,11.2833,36844051,10.962444
"742",11.175,11.4667,11.0917,11.2833,32264341,10.962444
"743",11.2833,11.4917,11.1833,11.3333,28812497,11.011022
"744",11.3333,11.3917,11.2083,11.25,23455064,10.930091
"745",11.1917,11.2333,11,11.0583,23195429,10.743842
"746",10.9583,11.4083,10.8417,11.3917,36532343,11.067761
"747",11.4833,11.8167,11.4667,11.6917,51593743,11.359231
"748",11.6917,11.8917,11.5083,11.5583,49381468,11.229624
"749",11.625,11.7083,11.55,11.6667,28471410,11.334941
"750",11.6583,11.6583,11.2917,11.3083,46888805,10.986732
"751",11.275,11.4167,11.1667,11.25,37283044,10.930091
"752",11.3417,12,11.2917,11.9583,86811139,11.61825
"753",11.9583,11.9833,11.7,11.8583,54438204,11.521093
"754",11.8583,12.0417,11.8,11.875,49287286,11.537318
"755",11.9333,12.0167,11.5667,11.5917,41837814,11.262074
"756",11.5833,11.7333,11.3667,11.4917,33550266,11.164918
"757",11.4917,11.4917,11.0667,11.2583,37462157,10.938154
"758",11.3333,11.5667,10.8167,10.9083,52071818,10.598108
"759",10.8917,11.0583,10.5667,10.8333,35593250,10.52524
"760",10.8917,10.9083,10.6667,10.6917,34938168,10.387667
"761",10.925,11.0333,10.5833,10.9583,33616718,10.646685
"762",10.9333,11.375,10.7917,11.2167,42899603,10.897738
"763",11.0833,11.4417,11,11.425,48842039,11.100115
"764",11.45,11.5667,11.0417,11.1083,46106912,10.79242
"765",11.1083,11.2583,10.775,11.1417,45760885,10.82487
"766",11.1417,11.1583,10.8167,10.9167,30559141,10.606269
"767",10.7583,10.7667,10.2083,10.3333,58139927,10.039458
"768",10.25,10.3917,10.1417,10.2583,27848342,9.966591
"769",10.2667,10.35,10.0667,10.225,27359239,9.934238
"770",10.2417,10.35,10.1667,10.2167,27150419,9.926173
"771",10.1917,10.2,10,10.075,36790414,9.788504
"772",10.0917,10.4333,10.075,10.4167,36956981,10.120487
"773",10.475,10.5583,10.3167,10.3333,24859126,10.039458
"774",10.3333,10.6667,10.2833,10.4833,41419031,10.185193
"775",10.5,10.7667,10.4083,10.4833,50043662,10.185193
"776",10.5,10.8833,10.2583,10.8667,59374820,10.557691
"777",10.8833,10.975,10.6917,10.8083,37093453,10.500952
"778",10.7583,10.875,10.675,10.7667,20229281,10.460534
"779",10.7667,10.8083,10.5917,10.65,17721749,10.347152
"780",10.6833,10.775,10.3333,10.35,29856500,10.055683
"781",10.3833,10.625,10.3333,10.4083,25934773,10.112326
"782",10.7667,10.875,10.4167,10.5333,29171501,10.233771
"783",10.7083,10.9667,10.65,10.95,57664790,10.638621
"784",11,11.15,10.8417,10.9833,43342484,10.670975
"785",10.9833,11.0333,10.6667,10.7417,39981745,10.436245
"786",10.7167,10.825,10.625,10.7667,18063427,10.460534
"787",10.6917,10.9083,10.65,10.8833,35773918,10.573818
"788",10.8833,11.1667,10.8667,11.1667,58197586,10.84916
"789",11.1417,11.2667,11.0667,11.1917,38863949,10.873449
"790",11.4417,11.7167,11.2917,11.5333,85574359,11.205336
"791",11.5417,11.825,11.3667,11.425,79255957,11.100115
"792",11.425,11.6417,11.325,11.4,49478755,11.075826
"793",11.375,11.4,11.1667,11.2083,43999048,10.889576
"794",11.2917,11.475,11.1917,11.2333,35108518,10.913866
"795",11.4083,11.4833,11.3,11.325,46706276,11.002958
"796",11.225,11.375,11.0833,11.1,34704230,10.784357
"797",11.1167,11.4,11.1167,11.4,44367450,11.075826
"798",11.4083,11.4583,11.1667,11.225,38299998,10.905803
"799",11.2083,11.2833,10.8917,10.9583,39049837,10.646685
"800",10.9917,11.025,10.6667,10.7167,33838723,10.411956
"801",10.9167,10.9917,10.725,10.75,41283552,10.444308
"802",10.75,11.075,10.725,11.0667,29337719,10.752004
"803",11.0917,11.1333,10.9333,10.9833,25358045,10.670975
"804",10.9,10.9167,10.7,10.8917,27227041,10.58198
"805",10.875,11.0917,10.8417,10.9667,26451439,10.654847
"806",10.975,10.975,10.7,10.7583,24671784,10.452374
"807",10.7167,10.8833,10.5,10.5,33954510,10.201419
"808",10.475,10.6583,10.3583,10.5333,24494926,10.233771
"809",10.625,10.875,10.5917,10.8,30793824,10.492888
"810",10.8083,10.9833,10.7083,10.8417,26671546,10.533401
"811",10.8333,10.8667,10.7333,10.7667,16470084,10.460534
"812",10.7333,10.8167,10.4583,10.4667,19849992,10.169065
"813",10.475,10.55,10.3667,10.4417,18668272,10.144776
"814",10.425,10.4417,10.2083,10.25,26541906,9.958528
"815",10.325,10.3917,10.2,10.2667,18616537,9.974752
"816",10.2417,10.45,10.1833,10.4417,17122973,10.144776
"817",10.45,10.5333,10.3583,10.3583,22560750,10.063747
"818",10.375,10.5667,10.325,10.5667,24452645,10.266221
"819",10.6667,10.7167,10.5583,10.6,18654850,10.298575
"820",10.6333,10.65,10.525,10.525,17110627,10.225707
"821",10.5833,11.05,10.5417,10.9833,70869020,10.670975
"822",10.9167,10.9917,10.775,10.8333,34846020,10.52524
"823",10.7917,11.05,10.775,10.9583,36259162,10.646685
"824",10.9583,11.0833,10.85,10.8583,25589999,10.54953
"825",10.875,10.8917,10.5667,10.725,29643792,10.42002
"826",10.6667,10.9333,10.65,10.9,22354692,10.590043
"827",10.925,10.9333,10.6833,10.7417,17477353,10.436245
"828",10.675,10.7583,10.4667,10.5,29052040,10.201419
"829",10.5833,10.7917,10.55,10.7583,24951140,10.452374
"830",10.75,10.9167,10.675,10.9,34536041,10.590043
"831",10.8833,10.9,10.7583,10.8333,20285270,10.52524
"832",10.8,11.0667,10.7917,10.9333,38812673,10.622397
"833",10.95,11.2167,10.95,11.15,53898223,10.832934
"834",11.1167,11.175,10.9833,11.0167,31335328,10.703425
"835",10.9917,11.05,10.875,10.9167,24602831,10.606269
"836",10.9,11.0083,10.525,10.6167,38085311,10.314799
"837",10.6417,10.6917,10.5,10.65,22932524,10.347152
"838",10.7,10.7667,10.5833,10.6333,17886365,10.330928
"839",10.6083,10.775,10.6083,10.6917,18422429,10.387667
"840",10.7083,10.7167,10.5583,10.6917,16788430,10.387667
"841",10.675,10.8333,10.6583,10.7917,26602162,10.484824
"842",10.7917,10.9917,10.7333,10.8833,36372932,10.573818
"843",10.9417,11.0167,10.875,10.9333,29376421,10.622397
"844",10.9583,11.075,10.85,11.025,33826516,10.711489
"845",11.0333,11.0667,10.875,11.0167,33098292,10.703425
"846",11.0083,11.125,10.9083,11.0167,37837692,10.703425
"847",11.025,11.0417,10.9167,10.9417,28128928,10.630557
"848",10.9417,11.1167,10.925,11.0167,29462062,10.703425
"849",10.9917,11.0833,10.925,11.05,30311749,10.735778
"850",11.0417,11.1833,10.8167,10.8333,58263636,10.52524
"851",10.8333,10.875,10.6083,10.6667,39004750,10.363379
"852",10.6667,10.7667,10.6417,10.75,22038648,10.444308
"853",10.7917,10.875,10.7583,10.8583,24291596,10.54953
"854",11.0833,11.475,11.0833,11.25,117054028,10.930091
"855",11.2917,11.3083,11.1417,11.1833,51905776,10.865288
"856",11.1833,11.275,11.1,11.2417,33169674,10.922027
"857",11.2,11.2917,11.1583,11.175,31590607,10.857223
"858",11.15,11.15,10.9667,11,32403037,10.6872
"859",11.0167,11.1833,10.9667,11.1417,33912836,10.82487
"860",11.1167,11.1333,10.975,10.9833,36590880,10.670975
"861",10.9917,11.1833,10.9167,11.1333,47999647,10.846335
"862",11.225,11.3167,11.1333,11.2583,59808181,10.968113
"863",11.35,11.4833,11.275,11.4167,85531136,11.122431
"864",11.45,11.725,11.4417,11.5583,82819763,11.260381
"865",11.5583,11.6417,11.425,11.4833,53520883,11.187315
"866",11.4667,11.5583,11.4083,11.5583,37925441,11.260381
"867",11.525,11.575,11.3,11.3167,57473542,11.025008
"868",11.3,11.5417,11.2917,11.5417,47125266,11.244209
"869",11.55,11.825,11.55,11.6917,65416796,11.390343
"870",11.6917,11.725,11.5333,11.6667,38315222,11.365987
"871",11.7083,11.8833,11.5667,11.6,53344386,11.301006
"872",11.75,11.8167,11.625,11.7167,39445406,11.414698
"873",11.75,11.85,11.7167,11.7833,41676235,11.479583
"874",11.7333,11.7583,11.5583,11.6583,54192655,11.357804
"875",11.5917,11.775,11.475,11.7583,55031321,11.455226
"876",11.7583,11.7833,11.5083,11.55,41004996,11.252295
"877",11.55,11.7,11.5,11.6417,34619584,11.341631
"878",11.6667,11.85,11.5333,11.8167,72497269,11.512121
"879",11.8167,12.05,11.7667,11.9333,81765276,11.625715
"880",11.9417,12.075,11.8333,12,51873876,11.690697
"881",12.15,12.15,11.8167,11.9333,63444148,11.625715
"882",11.9333,12.0167,11.8333,11.9333,53197012,11.625715
"883",11.9417,11.9667,11.6667,11.725,39303248,11.422784
"884",11.7333,11.7917,11.4917,11.5583,42791141,11.260381
"885",11.5417,11.6917,11.5,11.6,26236811,11.301006
"886",11.6,11.65,11.475,11.4917,26988511,11.195498
"887",11.4917,11.65,11.475,11.6333,26043113,11.333447
"888",11.7917,11.9167,11.775,11.8083,44326507,11.503937
"889",11.8333,11.9833,11.7667,11.9667,62403823,11.658254
"890",11.9833,12.025,11.875,11.9417,55275342,11.633899
"891",11.9583,12.05,11.875,11.9917,60366722,11.682611
"892",12,12.0583,11.7917,11.9417,58528676,11.633899
"893",11.9417,11.975,11.8417,11.9167,42721578,11.609544
"894",11.9,12.225,11.8333,12.15,90483078,11.836829
"895",12.15,12.225,11.9583,11.9833,75189542,11.674426
"896",12,12.1,11.95,12.0333,39203977,11.723138
"897",12.0417,12.1,11.9,12.0167,54104332,11.706965
"898",12.025,12.0583,11.5667,11.5917,75671352,11.292919
"899",11.625,11.7917,11.5167,11.7333,55778476,11.43087
"900",11.9,12.0833,11.825,11.8667,66624990,11.560832
"901",12,12.2833,11.7917,12.2167,131025583,11.90181
"902",12.2167,12.575,12.1167,12.3667,132239183,12.047944
"903",12.375,12.4,12.175,12.3833,61079437,12.064116
"904",12.3167,12.55,12.3167,12.4917,84329107,12.169723
"905",12.5167,12.6167,12.225,12.2833,76077900,11.966694
"906",12.2583,12.5833,12.2,12.4167,61238735,12.096656
"907",12.5,12.8917,12.4833,12.7167,81820296,12.388923
"908",12.7167,12.75,12.5667,12.6333,51884255,12.307673
"909",12.6333,12.6917,12.55,12.6333,49887595,12.307673
"910",12.9167,13.0417,12.6417,12.8333,96734636,12.502517
"911",12.7417,12.7417,12.5417,12.625,71759533,12.299586
"912",12.5667,12.5667,12.3167,12.475,47640076,12.153453
"913",12.4167,12.65,12.35,12.4167,42219901,12.096656
"914",12.4083,12.5917,12.3917,12.5,40083022,12.177809
"915",12.4167,12.5833,12.275,12.2917,51267154,11.974878
"916",12.3167,12.375,12,12.2,55647858,11.885541
"917",12.2833,12.4,12.25,12.3583,33038171,12.039761
"918",12.3833,12.4167,12.0917,12.0917,44925158,11.780032
"919",12.2083,12.2333,12.0833,12.1083,30122887,11.796205
"920",12.1,12.2,11.9583,12.1417,35933291,11.828743
"921",12.2417,12.3667,12.1333,12.2417,49523426,11.926167
"922",12.2333,12.3417,12.075,12.2833,31461305,11.966694
"923",12.3167,12.5167,12.3167,12.5,55565795,12.177809
"924",12.55,12.6083,12.425,12.525,67642591,12.202164
"925",12.5083,12.575,12.4167,12.4917,47324219,12.169723
"926",12.5417,12.7,12.3917,12.6667,88205215,12.340213
"927",12.6667,12.7167,12.475,12.5417,56902736,12.218434
"928",12.525,12.5583,12.4167,12.4667,41574396,12.145367
"929",12.4833,12.9,12.4833,12.6833,102314027,12.356384
"930",12.7,12.825,12.5083,12.6083,53138816,12.283318
"931",12.625,12.6833,12.3333,12.3583,71964146,12.039761
"932",12.4417,12.6167,12.375,12.6,55001254,12.275231
"933",12.65,12.7,12.1917,12.3833,81657736,12.064116
"934",12.3833,12.4583,12.2583,12.4167,42389998,12.096656
"935",12.4417,12.5333,12.2333,12.2583,57331644,11.942338
"936",12.25,12.4167,12.2083,12.3333,32977543,12.015406
"937",12.4,12.5083,12.3,12.375,43674493,12.05603
"938",12.375,12.4583,12.3333,12.4,35189852,12.080385
"939",12.4,12.7667,12.3583,12.6583,98161105,12.332028
"940",12.6333,12.6333,12.425,12.475,48652882,12.153453
"941",12.4417,12.4917,12.3333,12.4917,47599193,12.169723
"942",12.6083,12.7167,12.5083,12.5917,91088249,12.267144
"943",12.625,13.1167,12.625,13,146674320,12.664921
"944",13.125,13.125,12.7833,12.9,90416284,12.567498
"945",12.9667,12.9917,12.7917,12.9083,71876651,12.575584
"946",12.9083,13.125,12.8083,13.0667,110727379,12.729901
"947",13.0833,13.3083,12.8333,12.8583,98514191,12.526874
"948",12.8583,13.05,12.775,12.9333,78963294,12.59994
"949",12.9417,13.45,12.9417,13.45,150802778,13.103322
"950",13.5,13.7083,13.3,13.6333,146262186,13.281897
"951",13.6833,14.075,13.1083,13.475,160278109,13.127677
"952",13.4833,14.4583,13.3417,14.4583,167018270,14.085631
"953",14.5667,15.8167,14,14.1583,267404742,13.793365
"954",14.3083,15,14.3,14.925,144779176,14.540303
"955",14.925,14.9417,14.3583,14.575,133007843,14.199324
"956",14.6,14.9,14.2667,14.4417,97824534,14.06946
"957",14.5,14.5083,14.1,14.4667,91863906,14.093816
"958",14.4833,14.5583,14.0917,14.4667,115603336,14.093816
"959",15.0167,15.9167,15,15.9167,368339920,15.506442
"960",15.9917,16.141701,15.5667,15.675,224459713,15.270972
"961",15.725,16.049999,15.1833,15.675,151194248,15.270972
"962",15.8,16.075001,15.0833,15.2583,151035826,14.865012
"963",15.1333,15.6083,15.0083,15.0667,88370995,14.678351
"964",15.1333,15.25,14.5667,14.7333,97357394,14.353544
"965",14.7333,15.375,14.6083,15.35,107616977,14.954349
"966",15.375,15.45,15.05,15.3083,98557200,14.913723
"967",15.4583,15.8167,15.0417,15.2417,100086962,14.848841
"968",15.2083,15.65,15.025,15.1667,85287326,14.775773
"969",15.125,15.2417,14.7167,15.05,97040449,14.662081
"970",15.575,16.133301,15.25,15.8417,172761853,15.433374
"971",15.75,16.983299,15.625,16.758301,194167774,16.326351
"972",16.5833,16.766701,16.233299,16.424999,114844487,16.00164
"973",16.508301,17.3167,16.366699,16.6583,156116627,16.228928
"974",16.5667,16.983299,16.258301,16.2917,118799117,15.871778
"975",16.1667,16.2833,15.75,15.95,83272573,15.538884
"976",15.925,16.483299,15.9167,16.008301,68354526,15.595682
"977",16.0667,16.4,15.7333,15.975,57816244,15.563239
"978",16.1667,16.375,15.8333,16.375,66123234,15.952929
"979",16.5,16.641701,16.1917,16.475,70512562,16.05035
"980",15.6667,16.0833,14.825,15,133610939,14.61337
"981",15.5417,15.9917,15.2583,15.9,128900239,15.490171
"982",16.1667,16.549999,15.9417,16.4,107545883,15.977284
"983",16.375,16.633301,16.2083,16.424999,88720211,16.00164
"984",16.8417,17.0583,16.258301,16.4,96786065,15.977284
"985",16.549999,17.0417,16.5333,16.983299,107262713,16.545547
"986",16.983299,17.2833,16.4167,16.741699,102709883,16.310177
"987",16.733299,16.733299,16.3333,16.4,63600655,15.977284
"988",16.241699,16.383301,15.9833,16.1,59235139,15.685018
"989",16.225,16.366699,15.9333,15.9833,50222808,15.571325
"990",15.8333,15.8333,15.4917,15.55,54401284,15.149194
"991",15.6917,15.9583,15.5667,15.9417,60601398,15.530797
"992",15.9583,15.9833,15.4917,15.525,54998939,15.124838
"993",15.75,16.141701,15.5,15.6167,80455903,15.214175
"994",15.6333,15.7333,15.0917,15.2,54641785,14.808215
"995",15.1833,15.4917,15.15,15.25,37768573,14.856926
"996",15.4417,15.6167,15.2583,15.6167,39502571,15.214175
"997",15.9083,16.4333,15.8333,16.4167,96859872,15.993555
"998",16.483299,16.7917,16.125,16.3167,98062201,15.896131
"999",16.4167,16.733299,16.3083,16.4083,82910820,15.985372
"1000",16.5667,17.200001,16.4167,17.1917,129374473,16.748579
"1001",17.3417,17.4333,16.8417,16.858299,90218365,16.423771
"1002",16.9,16.9,16.35,16.383301,74023058,15.961017
"1003",16.483299,16.7167,16.375,16.6667,58378782,16.237112
"1004",16.7917,17.4583,16.7167,17.133301,124716185,16.691685
"1005",17.325001,17.325001,16.7917,17.0417,107538746,16.602446
"1006",17.0333,17.0417,16.4667,16.5,103244405,16.074707
"1007",16.491699,17.0833,16.483299,16.8083,87882144,16.375059
"1008",16.75,16.7833,16.424999,16.5833,59326372,16.155861
"1009",16.5833,16.700001,16.2833,16.299999,56950196,15.879861
"1010",16.3083,16.733299,16.0417,16.65,59721892,16.22084
"1011",16.6833,16.75,16.4333,16.549999,48403645,16.123417
"1012",16.549999,16.7083,16.358299,16.424999,48027960,16.00164
"1013",16.4417,16.5667,16.3333,16.5417,50357864,16.115332
"1014",16.641701,16.8167,16.475,16.7917,61740206,16.358889
"1015",16.5333,17.0583,16.4333,17.008301,114366877,16.569906
"1016",17.0417,17.616699,16.9167,17.299999,156098062,16.854086
"1017",17.4083,17.5833,17.1833,17.549999,118937792,17.097643
"1018",17.6667,17.883301,17.266701,17.4167,131984579,16.967779
"1019",17.4167,17.641701,17.233299,17.4417,105220793,16.992134
"1020",17.549999,18.241699,17.549999,18.241699,157902019,17.771513
"1021",18.25,18.891701,17.891701,18.775,177170755,18.291067
"1022",18.8083,18.983299,18.200001,18.508301,118237801,18.031242
"1023",18.725,18.741699,18.1667,18.266701,122197123,17.795872
"1024",18.3083,18.483299,18.0917,18.2167,84868824,17.747158
"1025",18.375,18.741699,18.375,18.5833,123108745,18.104309
"1026",18.608299,18.775,18.1917,18.2167,114953234,17.747158
"1027",18.2167,19.075001,18.1583,18.891701,159771020,18.40476
"1028",18.991699,19.0667,18.4417,18.6833,123325181,18.201731
"1029",18.516701,18.9,18.424999,18.608299,119562320,18.128664
"1030",19.725,20.225,19.25,19.4417,198653920,18.940582
"1031",19.549999,20.516701,19.200001,20.2833,216835015,19.760492
"1032",20.2917,20.6583,19.358299,19.799999,149930743,19.289648
"1033",19.799999,20.3083,19.633301,20.1667,123979315,19.646898
"1034",20.5417,20.65,20.2083,20.3417,120240967,19.817387
"1035",20.4333,20.5,19.6667,19.8083,133207162,19.297735
"1036",20.1667,20.4583,19.7167,19.8417,124255697,19.330273
"1037",19.875,21.4167,19.875,21.008301,184280560,20.466806
"1038",21.25,22.0833,20.991699,21.775,216154988,21.213743
"1039",21.8333,23.924999,21.25,22.6833,263970529,22.098629
"1040",22.8333,23.9,22.1667,23.5667,200249960,22.959261
"1041",23.8333,24,23.383301,23.5583,158821130,22.951078
"1042",23.633301,24.9,23.3083,24.4,189987054,23.771082
"1043",24,25.233299,23.758301,23.975,178480534,23.357038
"1044",24.3167,24.7167,23.9333,24.275,139136046,23.649303
"1045",24.275,24.450001,22.9417,23.299999,158330028,22.699434
"1046",23.35,25.633301,23.35,25.633301,219700106,24.972593
"1047",26.641701,26.883301,25.483299,25.9583,198881822,25.289217
"1048",26.4167,27.1,25.549999,25.75,143095112,25.086285
"1049",25.5583,25.5583,23.4583,23.75,176920418,23.137836
"1050",23.9583,24.383301,22.725,23.108299,130415598,22.512674
"1051",23,23.5833,22.775,23.141701,89202044,22.545216
"1052",23.5,24.5667,23.25,24.5667,140910722,23.933485
"1053",25.0833,25.275,24.5667,25.15,170944180,24.501749
"1054",25.2083,26.0583,25.0833,25.4417,144530186,24.785933
"1055",25.483299,27.0833,25.475,27.0833,229279188,26.38522
"1056",28,28.883301,26.8417,26.9167,245983009,26.222914
"1057",26.549999,26.5667,25.424999,25.625,156113933,24.964508
"1058",25.7083,26.6667,25.625,26.3333,138147065,25.654551
"1059",26.5,26.6583,25.6667,26.483299,119508259,25.800684
"1060",26.625,27.775,26.4167,26.633301,161436140,25.946819
"1061",27.0583,27.741699,26.75,27.483299,152213650,26.774908
"1062",27.9167,28.0583,26.8333,27.4333,151755290,26.726198
"1063",27.1667,28.6917,26.983299,28.483299,183473066,27.749132
"1064",28.6583,28.9417,27.9167,28.799999,178119236,28.057669
"1065",28.799999,28.85,27.758301,28.075001,153236650,27.351358
"1066",28,28.0333,25.483299,25.5667,165688888,24.907709
"1067",25.825001,26.4417,24.483299,25.733299,130923299,25.070015
"1068",25.766701,26.858299,25.766701,26.608299,121829058,25.922461
"1069",26.616699,27.2917,26.25,27.0667,131468862,26.369047
"1070",27.108299,27.233299,26.0667,26.4583,111619916,25.776329
"1071",26.4167,27.049999,24.1583,26.358299,119228150,25.678905
"1072",26.674999,27.049999,26,26.5917,124518316,25.90629
"1073",26.525,26.6667,25.6667,26.358299,119537135,25.678905
"1074",26.4167,27.016701,26.200001,26.85,125968576,26.157932
"1075",26.875,27.741699,26.3333,27.366699,154405422,26.661312
"1076",27.1667,27.9,27,27.6667,137667893,26.953583
"1077",27.7083,27.8167,27.1667,27.174999,113502748,26.474554
"1078",26.950001,26.950001,25.508301,25.633301,135795457,24.972593
"1079",25.375,25.391701,24.025,24.25,107559019,23.624949
"1080",24.241699,25.0917,24.241699,25,85418873,24.355618
"1081",25,25.025,23.3333,23.725,80985274,23.113482
"1082",23.75,23.991699,21.6667,21.700001,99535962,21.140676
"1083",21.983299,22.6667,20.8417,22.641701,95883719,22.058104
"1084",22.8333,23.15,22.3333,22.950001,83348354,22.358456
"1085",22.9333,23.049999,21.6667,21.875,84652147,21.311165
"1086",21.5333,21.575001,19.6917,19.6917,115167354,19.184139
"1087",20.4167,20.5,17.725,18.0417,145796941,17.57667
"1088",18.133301,19.85,17.3083,19.8417,155117455,19.330273
"1089",19.4583,20.924999,19.174999,19.483299,154288960,18.981112
"1090",19.766701,20.108299,18.1667,18.75,114230779,18.266712
"1091",18.375,19.6833,16.924999,17.75,130582480,17.292486
"1092",19.525,19.525,17.0833,18.4417,155983759,17.96636
"1093",17.891701,18.450001,16.6,16.633301,199871344,16.204571
"1094",14.9667,15.3333,14.9667,14.9667,178913798,14.580929
"1095",14.9667,14.9667,14.9667,14.9667,0,14.580929
"1096",14.9667,14.9667,14.9667,14.9667,0,14.580929
"1097",14.9667,14.9667,14.9667,14.9667,0,14.580929
"1098",16.4667,16.4667,16.4667,16.4667,7668511,16.042265
"1099",18.116699,18.116699,17.5417,18.116699,237565222,17.649736
"1100",17.75,18.9167,16.983299,18.491699,209961622,18.01507
"1101",18.790001,19.98,18.360001,19.790001,159196034,19.455259
"1102",20,21.17,19.9,20.66,179940465,20.310541
"1103",20.299999,21.27,20.01,20.84,144823368,20.487497
"1104",21.309999,22,20.9,21.530001,173172295,21.165827
"1105",21.530001,21.969999,21.1,21.9,152567888,21.529568
"1106",22,22.48,21.110001,21.370001,183572118,21.008533
"1107",20.98,21.6,19.23,19.23,157170216,18.90473
"1108",18.700001,19.790001,17.5,19.24,171079631,18.91456
"1109",19.65,20.77,19.07,20.620001,121074853,20.271219
"1110",20.68,21.190001,19.969999,19.99,111888129,19.651875
"1111",19.9,20.450001,19.59,19.98,74737687,19.642044
"1112",19.9,20.120001,18.67,19,79743728,18.678619
"1113",19.02,20.559999,19.02,20.549999,89437824,20.202402
"1114",20.530001,20.74,19.82,19.959999,89483623,19.622381
"1115",19.5,20.200001,19.32,19.780001,55143707,19.445427
"1116",20.1,20.700001,19.98,20.65,93438243,20.300711
"1117",20.799999,21.870001,20.65,21.610001,132464959,21.244473
"1118",21.65,21.65,21.030001,21.32,111248741,20.959377
"1119",20.99,21.459999,20.799999,20.879999,80676183,20.526819
"1120",20.77,21.360001,20.440001,21.360001,97702110,20.998703
"1121",21.49,21.74,21.18,21.32,101188843,20.959377
"1122",21.15,21.48,20.799999,21.48,76900073,21.116671
"1123",21.58,21.6,19.33,19.33,131718853,19.003038
"1124",18.9,19.99,18.450001,19.77,92271553,19.435596
"1125",19.6,20.34,19.25,19.459999,79814385,19.130838
"1126",19,19.360001,18,18.15,82011986,17.842997
"1127",17.51,17.549999,16.34,16.34,118241521,16.063614
"1128",14.95,16.17,14.71,14.71,116569335,14.461185
"1129",15.03,15.57,14.14,14.5,102599193,14.254737
"1130",15.1,15.95,14.9,15.95,111904581,15.68021
"1131",16.389999,17.27,16.129999,17.040001,113292305,16.751774
"1132",16.85,16.85,16.01,16.75,91588431,16.466679
"1133",16.41,16.66,15.5,16.59,88169376,16.309385
"1134",15.75,16.85,15.7,16.639999,110729700,16.358538
"1135",17.18,17.67,16,16.059999,101114853,15.788349
"1136",16.049999,16.950001,15.75,16.870001,57890891,16.58465
"1137",16.969999,17.5,16.799999,17.23,93292275,16.938559
"1138",16.860001,17.110001,16.76,16.790001,37920760,16.506002
"1139",16.799999,17.360001,16.799999,17.01,47033360,16.722281
"1140",17.26,17.32,15.68,15.97,68944085,15.699872
"1141",15.66,16.139999,14.86,14.91,52146635,14.657802
"1142",15.1,16.4,14.97,16.23,64917736,15.955474
"1143",16.280001,16.75,15.77,15.79,70364495,15.522917
"1144",16.08,16.25,15.8,16.08,38026898,15.808011
"1145",15.81,16.65,15.73,16.6,45498822,16.319216
"1146",16.700001,16.870001,16.360001,16.620001,45667262,16.338879
"1147",16.290001,16.540001,16.16,16.24,37098190,15.965304
"1148",16.5,16.84,16.42,16.6,49254208,16.319216
"1149",16.6,16.76,15.7,15.83,53803698,15.56224
"1150",15.95,16.040001,15.51,15.98,28916071,15.709702
"1151",15.63,15.74,15.29,15.53,33521107,15.267314
"1152",15.65,15.81,15.47,15.6,23959060,15.336131
"1153",16.280001,16.48,16.08,16.18,46990613,15.90632
"1154",16.26,16.690001,16.190001,16.530001,51496885,16.250401
"1155",16.75,17.469999,16.620001,17.219999,75509026,16.928728
"1156",17.110001,17.309999,16.9,17.190001,59930266,16.899237
"1157",17.280001,17.469999,17.01,17.190001,57084889,16.899237
"1158",17.17,18.07,17.15,17.889999,95705694,17.587395
"1159",17.9,17.99,17.469999,17.780001,77887533,17.479258
"1160",17.870001,17.93,17.379999,17.530001,67322427,17.233486
"1161",17.59,18.18,17.43,18.129999,86931624,17.823336
"1162",18.15,18.16,16.75,16.85,91090107,16.564987
"1163",16.9,17.290001,16.610001,17.209999,73198068,16.918898
"1164",17.299999,17.709999,17.139999,17.629999,73399381,17.331793
"1165",17.75,18.09,17.629999,17.809999,71551399,17.508749
"1166",17.639999,17.75,16.9,17.610001,61893310,17.312132
"1167",17.799999,18.280001,17.65,17.75,98107743,17.449764
"1168",17.98,18.15,17.51,17.91,61848483,17.607058
"1169",17.92,18.120001,17.620001,17.85,56195415,17.548073
"1170",17.5,18.09,17.379999,17.379999,54110319,17.086021
"1171",17.379999,17.639999,17.18,17.290001,42733736,16.997545
"1172",17.35,18.280001,17.35,18.280001,91065799,17.9708
"1173",18.200001,19.139999,18.120001,18.52,176683279,18.206739
"1174",18.5,19.68,18.450001,19.68,166018323,19.347118
"1175",19.459999,19.870001,19.15,19.690001,115063530,19.356949
"1176",19.389999,19.52,19.030001,19.32,85706909,18.993208
"1177",19.200001,19.450001,18.92,19.4,71809249,19.071854
"1178",19.23,19.33,18.790001,18.99,77375907,18.668789
"1179",18.799999,19.049999,18.559999,18.75,56485736,18.432848
"1180",18.5,19.299999,18.35,19.290001,63812735,18.963717
"1181",19.379999,19.43,18.65,18.690001,121638937,18.373865
"1182",18.690001,18.75,18.4,18.4,45991601,18.088768
"1183",18.48,18.77,18.360001,18.719999,44468100,18.403357
"1184",18.68,19.1,18.52,18.889999,66590653,18.57048
"1185",18.870001,19.040001,18.379999,18.440001,59903350,18.128094
"1186",18.85,19.09,18.6,19.02,81678470,18.698282
"1187",19.049999,19.1,18.799999,19.040001,59072221,18.717945
"1188",19.18,19.25,18.76,18.799999,57413776,18.482002
"1189",18.799999,18.809999,17.41,17.58,70325148,17.282639
"1190",17.639999,17.860001,17.01,17.48,51031523,17.18433
"1191",17.48,17.860001,17.299999,17.690001,37414567,17.390779
"1192",17.629999,18.280001,17.530001,18.18,56700036,17.87249
"1193",18.17,18.26,17.950001,18.139999,39663563,17.833166
"1194",18.01,18.1,17.700001,17.73,34888910,17.430101
"1195",17.82,18.09,17.719999,17.99,26436615,17.685703
"1196",17.860001,17.860001,17.469999,17.5,28624652,17.203993
"1197",17.379999,17.66,17.34,17.52,20733002,17.223654
"1198",17.52,18,17.51,17.66,35054650,17.361286
"1199",17.610001,17.83,17.52,17.68,25421547,17.380947
"1200",17.49,18.1,17.41,18.1,41830460,17.793844
"1201",18.110001,18.780001,18.110001,18.700001,74562090,18.383696
"1202",18.700001,18.75,18.299999,18.35,54072625,18.039616
"1203",18.48,18.870001,18.43,18.629999,57544222,18.314878
"1204",18.58,18.889999,18.51,18.780001,54098130,18.462341
"1205",18.950001,19.700001,18.82,19.41,107597485,19.081684
"1206",19.469999,19.559999,18.860001,19.110001,75733610,18.78676
"1207",19.040001,19.26,18.799999,18.799999,58003385,18.482002
"1208",18.809999,19.15,18.75,18.9,38859418,18.580311
"1209",18.9,18.9,18.9,18.9,0,18.580311
"1210",19.08,19.34,18.35,18.360001,63309452,18.049446
"1211",18.42,18.68,18.299999,18.610001,30192677,18.295218
"1212",18.68,19.49,18.65,19.15,78681465,18.826082
"1213",19.07,19.07,18.620001,18.629999,43611572,18.314878
